pnl,book_size,long_count,short_count,turnover,returns,drawdown,margin,fitness,sharpe,start_date,alpha_id,expression,concentrated_weight,high_turnover,is_ladder_sharpe,low_fitness,low_sharpe,low_sub_universe_sharpe,low_turnover,matches_competition
6658003,20000000,3093,3638,0.6503,0.0643,0.101,0.000198,0.36,1.13,2012/1/22,8zKrQjo,"ts_zscore(oth432_capital_otlo_predict,12)",FAIL,PASS,FAIL,FAIL,FAIL,FAIL,PASS,PASS
8781488,20000000,741,759,0.5166,0.0848,0.144,0.000328,0.34,0.83,2012/1/22,ZpWlpW1,"ts_zscore(oth432_deltapredictfcf_ttm_predict,12)",PASS,PASS,FAIL,FAIL,FAIL,PASS,PASS,PASS
21693963,20000000,651,625,1.1917,0.2095,0.5195,0.000352,0.34,0.81,2012/1/22,Qa5j60K,"ts_zscore(oth432_compustatpredictiveepsfiq_prediction,12)",FAIL,FAIL,FAIL,FAIL,FAIL,PASS,PASS,PASS
11765934,20000000,934,868,1.2718,0.1136,0.2607,0.000179,0.22,0.74,2012/1/22,07KQ3Gr,"ts_zscore(oth432_compustatpredictivepiq_prediction,12)",PASS,FAIL,FAIL,FAIL,FAIL,PASS,PASS,PASS
17989208,20000000,680,648,1.1937,0.1737,0.3658,0.000291,0.27,0.7,2012/1/22,AwOb21Y,"ts_zscore(oth432_compustatpredictiveepsfxq_prediction,12)",FAIL,FAIL,FAIL,FAIL,FAIL,PASS,PASS,PASS
18532935,20000000,649,619,1.1807,0.179,0.504,0.000303,0.27,0.7,2012/1/22,17nL2Y6,"ts_zscore(oth432_compustatpredictiveepspiq_prediction,12)",FAIL,FAIL,FAIL,FAIL,FAIL,PASS,PASS,PASS
10557797,20000000,976,861,1.2585,0.1019,0.2823,0.000162,0.2,0.69,2012/1/22,37n63qN,"ts_zscore(oth432_compustatpredictiverevtq_prediction,12)",PASS,FAIL,FAIL,FAIL,FAIL,PASS,PASS,PASS
2265727,20000000,0,0,0.0065,0.023,0.0026,0.00708,0.3,0.69,2012/1/22,oK991am,"ts_zscore(oth432_sgrp_mae,12)",FAIL,PASS,,FAIL,FAIL,ERROR,FAIL,PASS
1756912,20000000,0,0,0.0041,0.0178,0,0.008785,0.26,0.69,2012/1/22,VpYlWV8,"ts_zscore(oth432_scor_mae,12)",FAIL,PASS,,FAIL,FAIL,ERROR,FAIL,PASS
10807820,20000000,929,869,1.2643,0.1044,0.3828,0.000165,0.2,0.68,2012/1/22,adWPZR5,"ts_zscore(oth432_compustatpredictiveoiadpq_prediction,12)",FAIL,FAIL,FAIL,FAIL,FAIL,PASS,PASS,PASS
942155,20000000,0,0,0.0037,0.011,0,0.005888,0.18,0.62,2012/1/22,9wAKr92,"ts_zscore(oth432_atrc_mae,12)",FAIL,PASS,FAIL,FAIL,FAIL,PASS,FAIL,PASS
9096092,20000000,50,51,0.5456,0.0878,0.2755,0.000322,0.24,0.6,2012/1/22,lVR2P6A,"ts_zscore(oth432_compustatpredictiveintanoq_mad_act,12)",FAIL,PASS,FAIL,FAIL,FAIL,PASS,PASS,PASS
15358346,20000000,625,600,1.1856,0.1483,0.4627,0.00025,0.21,0.59,2012/1/22,8zK687m,"ts_zscore(oth432_compustatpredictiveniq_prediction,12)",FAIL,FAIL,FAIL,FAIL,FAIL,PASS,PASS,PASS
8894510,20000000,100,104,0.5633,0.0859,0.3134,0.000305,0.22,0.57,2012/1/22,5wq9PxJ,"ts_zscore(oth432_compustatpredictiveinvtq_mad_pred,12)",FAIL,PASS,FAIL,FAIL,FAIL,PASS,PASS,PASS
1542959,20000000,0,0,0.0047,0.0181,0.022,0.007715,0.21,0.55,2012/1/22,7wKK7Zv,"ts_zscore(oth432_srev_mae,12)",FAIL,PASS,,FAIL,FAIL,PASS,FAIL,PASS
3051659,20000000,3613,3115,0.6777,0.0295,0.1537,8.70E-05,0.11,0.54,2012/1/22,rorzRw1,"ts_zscore(oth432_itli_predict,12)",FAIL,PASS,FAIL,FAIL,FAIL,PASS,PASS,PASS
8049613,20000000,87,90,0.5466,0.0777,0.3153,0.000284,0.2,0.53,2012/1/22,RpkYw3j,"ts_zscore(oth432_compustatpredictiveepsx12_mae,12)",FAIL,PASS,FAIL,FAIL,FAIL,FAIL,PASS,PASS
721314,20000000,0,0,0.0025,0.0112,0,0.009016,0.16,0.52,2012/1/22,ZpWW5z1,"ts_zscore(oth432_stld_mae,12)",FAIL,PASS,FAIL,FAIL,FAIL,PASS,FAIL,PASS
2593133,20000000,3230,3268,1.2496,0.025,0.1217,4.00E-05,0.07,0.51,2012/1/22,07KKEW6,"ts_zscore(oth432_trkdpitpredictivefcff_prediction,12)",PASS,FAIL,FAIL,FAIL,FAIL,PASS,PASS,PASS
7194451,20000000,0,0,0.2206,0.0706,0.3653,0.00064,0.28,0.5,2012/1/22,dxl7O32,"ts_zscore(oth432_dlttq_mae,12)",FAIL,PASS,FAIL,FAIL,FAIL,FAIL,PASS,PASS
3335230,20000000,472,469,0.5368,0.0322,0.1554,0.00012,0.12,0.5,2012/1/22,Op55xbp,"ts_zscore(oth432_trkdpitpredictiveltcashnequivalents_mae,12)",FAIL,PASS,FAIL,FAIL,FAIL,FAIL,PASS,PASS
7871457,20000000,83,86,0.5402,0.076,0.3903,0.000281,0.18,0.48,2012/1/22,adWlgr9,"ts_zscore(oth432_compustatpredictiveepsfxq_mae,12)",FAIL,PASS,FAIL,FAIL,FAIL,FAIL,PASS,PASS
866804,20000000,0,0,0.0027,0.0099,0,0.007223,0.14,0.48,2012/1/22,07KQYLk,"ts_zscore(oth432_lapb_mae,12)",FAIL,PASS,FAIL,FAIL,FAIL,ERROR,FAIL,PASS
6468167,20000000,142,149,0.5655,0.0625,0.2995,0.000221,0.16,0.47,2012/1/22,Op5kWNb,"ts_zscore(oth432_compustatpredictivecheq_mad_pred,12)",FAIL,PASS,FAIL,FAIL,FAIL,FAIL,PASS,PASS
3404771,20000000,496,497,0.5387,0.0329,0.1033,0.000122,0.12,0.47,2012/1/22,Op55av7,"ts_zscore(oth432_trkdpitpredictivecapex_mad_act,12)",FAIL,PASS,FAIL,FAIL,FAIL,PASS,PASS,PASS
2476731,20000000,3534,3281,1.2572,0.0239,0.0868,3.80E-05,0.06,0.47,2012/1/22,p6113Ev,"ts_zscore(oth432_trkdpitpredictivetotinventory_prediction,12)",PASS,FAIL,FAIL,FAIL,FAIL,PASS,PASS,PASS
2698823,20000000,3218,3513,0.6677,0.0261,0.1569,7.80E-05,0.09,0.46,2012/1/22,jZdwwme,"ts_zscore(oth432_currents_otlo_predict,12)",PASS,PASS,FAIL,FAIL,FAIL,FAIL,PASS,PASS
1732058,20000000,0,0,0.0105,0.0175,0.0493,0.003331,0.17,0.46,2012/1/22,Op5m8q1,"ts_zscore(oth432_ftlf_mae,12)",FAIL,PASS,FAIL,FAIL,FAIL,FAIL,PASS,PASS
890116,20000000,0,0,0.005,0.0139,0.0282,0.005563,0.15,0.46,2012/1/22,07KKlgq,"ts_zscore(oth432_stbp_mae,12)",FAIL,PASS,FAIL,FAIL,FAIL,PASS,FAIL,PASS
6310293,20000000,137,143,0.5657,0.0609,0.3053,0.000215,0.15,0.45,2012/1/22,Mp58Pl9,"ts_zscore(oth432_compustatpredictiveltq_mad_act,12)",FAIL,PASS,FAIL,FAIL,FAIL,FAIL,PASS,PASS
6533692,20000000,108,109,0.4588,0.0631,0.2977,0.000275,0.17,0.45,2012/1/22,XpYl1ja,"ts_zscore(oth432_deltapredictebitd_ttm_mae,12)",FAIL,PASS,FAIL,FAIL,FAIL,PASS,PASS,PASS
6750137,20000000,963,914,1.2797,0.0652,0.3008,0.000102,0.1,0.44,2012/1/22,EwraYOm,"ts_zscore(oth432_compustatpredictivetxtq_prediction,12)",PASS,FAIL,FAIL,FAIL,FAIL,PASS,PASS,PASS
4367721,20000000,865,871,0.521,0.0422,0.1584,0.000162,0.12,0.42,2012/1/22,9wA6wY1,"ts_zscore(oth432_deltapredictebt_q_predict,12)",PASS,PASS,FAIL,FAIL,FAIL,PASS,PASS,PASS
2569602,20000000,3211,3519,0.6879,0.0248,0.1425,7.20E-05,0.08,0.42,2012/1/22,m8xzoQX,"ts_zscore(oth432_income_otlo_predict,12)",PASS,PASS,FAIL,FAIL,FAIL,FAIL,PASS,PASS
1649030,20000000,3226,3286,1.2527,0.0159,0.1097,2.50E-05,0.05,0.42,2012/1/22,eOqq0q6,"ts_zscore(oth432_trkdpitpredictivefcfe_prediction,12)",PASS,FAIL,FAIL,FAIL,FAIL,FAIL,PASS,PASS
2051686,20000000,0,0,0.0082,0.021,0.0547,0.005129,0.17,0.41,2012/1/22,LplXv0M,"ts_zscore(oth432_scsi_mae,12)",FAIL,PASS,,FAIL,FAIL,FAIL,FAIL,PASS
2843588,20000000,436,434,0.5441,0.0275,0.2392,0.000101,0.09,0.41,2012/1/22,Mp55Xvk,"ts_zscore(oth432_trkdpitpredictivedebtissuance_mad_act,12)",FAIL,PASS,FAIL,FAIL,FAIL,PASS,PASS,PASS
2090549,20000000,3353,3327,1.2679,0.0202,0.0981,3.20E-05,0.05,0.41,2012/1/22,k3LLQ9K,"ts_zscore(oth432_trkdpitpredictiveebit_prediction,12)",PASS,FAIL,FAIL,FAIL,FAIL,PASS,PASS,PASS
2080855,20000000,3439,3286,0.6717,0.0201,0.1456,6.00E-05,0.07,0.4,2012/1/22,LpllV7v,"ts_zscore(oth432_socf_predict,12)",PASS,PASS,,FAIL,FAIL,PASS,PASS,PASS
2703152,20000000,524,526,0.543,0.0261,0.0928,9.60E-05,0.09,0.4,2012/1/22,Op55akY,"ts_zscore(oth432_trkdpitpredictivecfo_mad_act,12)",FAIL,PASS,FAIL,FAIL,FAIL,PASS,PASS,PASS
5791947,20000000,51,51,0.5407,0.0559,0.3861,0.000207,0.13,0.39,2012/1/22,07KdZL1,"ts_zscore(oth432_compustatpredictiveintanoq_mae,12)",FAIL,PASS,FAIL,FAIL,FAIL,PASS,PASS,PASS
5852243,20000000,108,109,0.4634,0.0565,0.3198,0.000244,0.14,0.39,2012/1/22,VpYlpVw,"ts_zscore(oth432_deltapredictebt_ttm_mae,12)",FAIL,PASS,FAIL,FAIL,FAIL,PASS,PASS,PASS
1865646,20000000,3657,3674,1.2535,0.018,0.1291,2.90E-05,0.05,0.39,2012/1/22,m8xxmG5,"ts_zscore(oth432_trkdpitpredictivenetincome_prediction,12)",PASS,FAIL,FAIL,FAIL,FAIL,FAIL,PASS,PASS
757679,20000000,0,0,0.0036,0.0086,0.0282,0.004735,0.1,0.38,2012/1/22,9wA6nzq,"ts_zscore(oth432_scui_mae,12)",FAIL,PASS,,FAIL,FAIL,FAIL,FAIL,PASS
2803018,20000000,227,236,0.5517,0.0271,0.1782,9.80E-05,0.08,0.37,2012/1/22,AwOOa1g,"ts_zscore(oth432_trkdpitpredictivedps_mad_act,12)",FAIL,PASS,FAIL,FAIL,FAIL,FAIL,PASS,PASS
800375,20000000,0,0,0.0032,0.0081,0.0282,0.005002,0.09,0.36,2012/1/22,Mp5XQpL,"ts_zscore(oth432_atca_mae,12)",FAIL,PASS,FAIL,FAIL,FAIL,FAIL,FAIL,PASS
476284,20000000,0,0,0.0019,0.0056,0,0.005954,0.08,0.36,2012/1/22,17nmxRM,"ts_zscore(oth432_fprd_mae,12)",FAIL,PASS,FAIL,FAIL,FAIL,ERROR,FAIL,PASS
2015462,20000000,560,575,0.5432,0.0195,0.1236,7.20E-05,0.07,0.36,2012/1/22,lVRRlR5,"ts_zscore(oth432_trkdpitpredictivefcff_mad_act,12)",FAIL,PASS,FAIL,FAIL,FAIL,PASS,PASS,PASS
4882257,20000000,1266,1167,1.2215,0.0471,0.2974,7.70E-05,0.07,0.35,2012/1/22,RpkYeba,"ts_zscore(oth432_compustatpredictiveapq_prediction,12)",PASS,FAIL,FAIL,FAIL,FAIL,PASS,PASS,PASS
788784,20000000,0,0,0.0027,0.009,0.0228,0.006573,0.09,0.35,2012/1/22,oK9zzwn,"ts_zscore(oth432_debt_rtlr_mae,12)",FAIL,PASS,FAIL,FAIL,FAIL,FAIL,FAIL,PASS
4472351,20000000,434,453,0.5415,0.0432,0.2782,0.00016,0.1,0.35,2012/1/22,adWPdNO,"ts_zscore(oth432_deltapredictfcf_a_predict,12)",FAIL,PASS,FAIL,FAIL,FAIL,PASS,PASS,PASS
3803159,20000000,611,620,0.5321,0.0367,0.2811,0.000138,0.09,0.35,2012/1/22,Jp5XpqO,"ts_zscore(oth432_deltapredictebt_ttm_predict,12)",FAIL,PASS,FAIL,FAIL,FAIL,PASS,PASS,PASS
5029927,20000000,105,108,0.5633,0.0486,0.3994,0.000172,0.1,0.34,2012/1/22,Kbw6W3N,"ts_zscore(oth432_compustatpredictiveinvtq_mad_act,12)",FAIL,PASS,FAIL,FAIL,FAIL,FAIL,PASS,PASS
1982080,20000000,539,541,0.5318,0.0191,0.1535,7.20E-05,0.06,0.34,2012/1/22,z9JJkn8,"ts_zscore(oth432_trkdpitpredictivenetdebt_mad_pred,12)",FAIL,PASS,FAIL,FAIL,FAIL,FAIL,PASS,PASS
2159338,20000000,552,572,0.5341,0.0209,0.1125,7.80E-05,0.07,0.34,2012/1/22,37nnP9g,"ts_zscore(oth432_trkdpitpredictivetotassets_mae,12)",FAIL,PASS,FAIL,FAIL,FAIL,FAIL,PASS,PASS
601378,20000000,3609,3716,0.9211,0.0058,0.03,1.30E-05,0.03,0.34,2012/1/22,p611WrV,"ts_zscore(oth432_trkdpitpredictiveroa_prediction,12)",PASS,FAIL,FAIL,FAIL,FAIL,FAIL,PASS,PASS
766382,20000000,0,0,0.0065,0.0078,0.0464,0.002395,0.08,0.33,2012/1/22,RpkY1lo,"ts_zscore(oth432_cash_rtlr_mae,12)",FAIL,PASS,FAIL,FAIL,FAIL,PASS,FAIL,PASS
1852594,20000000,3210,3519,0.6755,0.0179,0.1465,5.30E-05,0.05,0.33,2012/1/22,5wq9lzn,"ts_zscore(oth432_cashflows_otlo_predict,12)",PASS,PASS,FAIL,FAIL,FAIL,FAIL,PASS,PASS
4813640,20000000,107,108,0.4355,0.0465,0.4732,0.000213,0.11,0.33,2012/1/22,adWPN86,"ts_zscore(oth432_deltapredictebt_q_mae,12)",FAIL,PASS,FAIL,FAIL,FAIL,PASS,PASS,PASS
1747214,20000000,3525,3351,1.257,0.0169,0.1069,2.70E-05,0.04,0.33,2012/1/22,vLJJoJd,"ts_zscore(oth432_trkdpitpredictivetotrevenue_prediction,12)",PASS,FAIL,FAIL,FAIL,FAIL,PASS,PASS,PASS
645878,20000000,0,0,0.0036,0.0073,0.0282,0.004037,0.08,0.32,2012/1/22,Gw36Lno,"ts_zscore(oth432_atot_mae,12)",FAIL,PASS,FAIL,FAIL,FAIL,ERROR,FAIL,PASS
2415112,20000000,434,436,0.543,0.0233,0.2192,8.60E-05,0.07,0.32,2012/1/22,ngOOoGd,"ts_zscore(oth432_trkdpitpredictivedebtissuance_mad_pred,12)",FAIL,PASS,FAIL,FAIL,FAIL,FAIL,PASS,PASS
527326,20000000,3448,3640,0.799,0.0051,0.0336,1.30E-05,0.03,0.32,2012/1/22,g1ooxVm,"ts_zscore(oth432_trkdpitpredictiveev_mae,12)",PASS,FAIL,FAIL,FAIL,FAIL,PASS,PASS,PASS
1539327,20000000,0,0,0.0122,0.0156,0.0594,0.002566,0.11,0.31,2012/1/22,17nnqZM,"ts_zscore(oth432_snce_mae,12)",FAIL,PASS,,FAIL,FAIL,FAIL,PASS,PASS
4967004,20000000,63,63,0.5633,0.048,0.3083,0.00017,0.08,0.29,2012/1/22,p61Eerb,"ts_zscore(oth432_compustatpredictivegdwlq_mad_act,12)",FAIL,PASS,FAIL,FAIL,FAIL,FAIL,PASS,PASS
3609856,20000000,139,145,0.5659,0.0349,0.3057,0.000123,0.07,0.29,2012/1/22,LplXxWm,"ts_zscore(oth432_compustatpredictiverectq_mad_act,12)",FAIL,PASS,FAIL,FAIL,FAIL,FAIL,PASS,PASS
3240909,20000000,0,0,0.1115,0.0319,0.3605,0.000572,0.15,0.29,2012/1/22,z9JogJG,"ts_zscore(oth432_ltq_mae,12)",FAIL,PASS,FAIL,FAIL,FAIL,FAIL,PASS,PASS
1530525,20000000,3219,3511,0.6651,0.0148,0.1631,4.40E-05,0.04,0.26,2012/1/22,8zKrQz7,"ts_zscore(oth432_assets_otlo_predict,12)",PASS,PASS,FAIL,FAIL,FAIL,PASS,PASS,PASS
1571679,20000000,2388,2687,0.6794,0.0152,0.1406,4.50E-05,0.04,0.26,2012/1/22,7wKXX9v,"ts_zscore(oth432_ddps1_predict,12)",FAIL,PASS,FAIL,FAIL,FAIL,FAIL,PASS,PASS
3569129,20000000,395,416,0.5521,0.0345,0.4362,0.000125,0.06,0.26,2012/1/22,eOq2nWN,"ts_zscore(oth432_deltapredictebt_a_predict,12)",FAIL,PASS,FAIL,FAIL,FAIL,PASS,PASS,PASS
3175044,20000000,513,534,0.5295,0.0307,0.3993,0.000116,0.06,0.26,2012/1/22,7wKXz2v,"ts_zscore(oth432_deltapredictrev_q_predict,12)",FAIL,PASS,FAIL,FAIL,FAIL,PASS,PASS,PASS
2412236,20000000,1066,1371,0.6598,0.0233,0.2094,7.10E-05,0.05,0.25,2012/1/22,YpWm7Mq,"ts_zscore(oth432_cheq_predict,12)",FAIL,PASS,FAIL,FAIL,FAIL,FAIL,PASS,PASS
383938,20000000,0,0,0.0044,0.0042,0.0215,0.00192,0.05,0.25,2012/1/22,qAmdj0A,"ts_zscore(oth432_ciac_mae,12)",FAIL,PASS,FAIL,FAIL,FAIL,FAIL,FAIL,PASS
1655252,20000000,472,467,0.5362,0.016,0.1768,6.00E-05,0.04,0.25,2012/1/22,bLWWk1m,"ts_zscore(oth432_trkdpitpredictiveaccpayable_mae,12)",FAIL,PASS,FAIL,FAIL,FAIL,PASS,PASS,PASS
1713137,20000000,487,490,0.5337,0.0165,0.1483,6.20E-05,0.04,0.25,2012/1/22,k3LLk3K,"ts_zscore(oth432_trkdpitpredictivecurrassets_mad_act,12)",FAIL,PASS,FAIL,FAIL,FAIL,PASS,PASS,PASS
1260981,20000000,3329,3095,1.2679,0.0122,0.1638,1.90E-05,0.02,0.25,2012/1/22,Kbww7vx,"ts_zscore(oth432_trkdpitpredictiveltdebt_prediction,12)",PASS,FAIL,FAIL,FAIL,FAIL,PASS,PASS,PASS
1410538,20000000,1091,1252,0.8143,0.0136,0.2045,3.30E-05,0.03,0.24,2012/1/22,07KQ7Aq,"ts_zscore(oth432_deltapredictev_cur_mae,12)",PASS,FAIL,FAIL,FAIL,FAIL,PASS,PASS,PASS
1253649,20000000,4193,3056,1.2543,0.0121,0.1459,1.90E-05,0.02,0.24,2012/1/22,07KKgR8,"ts_zscore(oth432_trkdpitpredictivetotassets_prediction,12)",PASS,FAIL,FAIL,FAIL,FAIL,PASS,PASS,PASS
1326043,20000000,3206,3526,0.6825,0.0128,0.2525,3.80E-05,0.03,0.23,2012/1/22,7wKQnvL,"ts_zscore(oth432_cash_otlo_predict,12)",PASS,PASS,FAIL,FAIL,FAIL,PASS,PASS,PASS
3676618,20000000,981,912,1.265,0.0355,0.4952,5.60E-05,0.04,0.23,2012/1/22,p61Expb,"ts_zscore(oth432_compustatpredictivecogsq_prediction,12)",PASS,FAIL,FAIL,FAIL,FAIL,PASS,PASS,PASS
3960985,20000000,86,89,0.5425,0.0382,0.3996,0.000141,0.06,0.23,2012/1/22,7wKQRW2,"ts_zscore(oth432_compustatpredictiveepsx12_mad_pred,12)",FAIL,PASS,FAIL,FAIL,FAIL,FAIL,PASS,PASS
1180877,20000000,3156,3581,0.6749,0.0114,0.2161,3.40E-05,0.03,0.23,2012/1/22,9wA6eNd,"ts_zscore(oth432_scsi_predict,12)",PASS,PASS,,FAIL,FAIL,PASS,PASS,PASS
3672395,20000000,82,85,0.5392,0.0355,0.3885,0.000132,0.06,0.22,2012/1/22,p61E3WX,"ts_zscore(oth432_compustatpredictiveepsfxq_mad_pred,12)",FAIL,PASS,FAIL,FAIL,FAIL,PASS,PASS,PASS
3774460,20000000,86,89,0.5404,0.0364,0.36,0.000135,0.06,0.22,2012/1/22,Op5m0wg,"ts_zscore(oth432_compustatpredictiveniq_mae,12)",FAIL,PASS,FAIL,FAIL,FAIL,PASS,PASS,PASS
3461660,20000000,98,101,0.5549,0.0334,0.6606,0.00012,0.05,0.22,2012/1/22,bLWPVGq,"ts_zscore(oth432_compustatpredictivexintq_mad_pred,12)",FAIL,PASS,FAIL,FAIL,FAIL,FAIL,PASS,PASS
2072416,20000000,990,1050,0.5162,0.02,0.2633,7.80E-05,0.04,0.22,2012/1/22,xxmzxml,"ts_zscore(oth432_deltapredictfcf_q_predict,12)",PASS,PASS,FAIL,FAIL,FAIL,PASS,PASS,PASS
1492149,20000000,524,526,0.5415,0.0144,0.181,5.30E-05,0.04,0.22,2012/1/22,17nnEKX,"ts_zscore(oth432_trkdpitpredictivecfo_mae,12)",FAIL,PASS,FAIL,FAIL,FAIL,PASS,PASS,PASS
1436614,20000000,526,536,0.5347,0.0139,0.1551,5.20E-05,0.04,0.22,2012/1/22,5wqqzXn,"ts_zscore(oth432_trkdpitpredictivenetreceivables_mad_pred,12)",FAIL,PASS,FAIL,FAIL,FAIL,FAIL,PASS,PASS
4061302,20000000,82,85,0.5388,0.0392,0.8528,0.000146,0.06,0.21,2012/1/22,Qa5jz3Q,"ts_zscore(oth432_compustatpredictiveepsfiq_mae,12)",FAIL,PASS,FAIL,FAIL,FAIL,FAIL,PASS,PASS
809379,20000000,865,899,0.5348,0.0078,0.1155,2.90E-05,0.03,0.21,2012/1/22,Qa55avg,"ts_zscore(oth432_trkdpitpredictivefcfe_mad_act,12)",PASS,PASS,FAIL,FAIL,FAIL,PASS,PASS,PASS
3025698,20000000,132,138,0.5515,0.0292,0.3807,0.000106,0.05,0.2,2012/1/22,LplXaMv,"ts_zscore(oth432_compustatpredictiveoiadpq_mad_pred,12)",FAIL,PASS,FAIL,FAIL,FAIL,FAIL,PASS,PASS
1326121,20000000,488,489,0.535,0.0128,0.1671,4.80E-05,0.03,0.2,2012/1/22,wRJJwRl,"ts_zscore(oth432_trkdpitpredictivecurrassets_mae,12)",FAIL,PASS,FAIL,FAIL,FAIL,FAIL,PASS,PASS
1265330,20000000,476,468,0.5382,0.0122,0.1627,4.50E-05,0.03,0.2,2012/1/22,rorrj93,"ts_zscore(oth432_trkdpitpredictiveltdebt_mae,12)",FAIL,PASS,FAIL,FAIL,FAIL,PASS,PASS,PASS
306300,20000000,3221,3410,0.7716,0.003,0.0304,8.00E-06,0.01,0.2,2012/1/22,ngOO658,"ts_zscore(oth432_trkdpitpredictiveroe_mae,12)",PASS,FAIL,FAIL,FAIL,FAIL,FAIL,PASS,PASS
2828443,20000000,50,51,0.5406,0.0273,0.394,0.000101,0.04,0.18,2012/1/22,ZpWxV9d,"ts_zscore(oth432_compustatpredictiveintanoq_mad_pred,12)",FAIL,PASS,FAIL,FAIL,FAIL,PASS,PASS,PASS
1956514,20000000,526,537,0.5285,0.0189,0.3386,7.10E-05,0.03,0.18,2012/1/22,m8xzZPE,"ts_zscore(oth432_deltapredictebitd_ttm_predict,12)",PASS,PASS,FAIL,FAIL,FAIL,PASS,PASS,PASS
998862,20000000,3270,3466,0.6929,0.0096,0.2074,2.80E-05,0.02,0.18,2012/1/22,xxmzVKq,"ts_zscore(oth432_ninc_predict,12)",PASS,PASS,FAIL,FAIL,FAIL,FAIL,PASS,PASS
3011694,20000000,0,0,0.2383,0.0295,0.3558,0.000248,0.06,0.18,2012/1/22,7wKXRzL,"ts_zscore(oth432_rectq_mae,12)",FAIL,PASS,FAIL,FAIL,FAIL,FAIL,PASS,PASS
132525,20000000,0,0,0.0047,0.0039,0.0228,0.001657,0.03,0.17,2012/1/22,Ewra6ML,"ts_zscore(oth432_ltcl_mae,12)",FAIL,PASS,FAIL,FAIL,FAIL,PASS,FAIL,PASS
1770515,20000000,678,783,0.6175,0.0171,0.3105,5.50E-05,0.03,0.17,2012/1/22,7wKX2pO,"ts_zscore(oth432_predictiverev_a_predict,12)",FAIL,PASS,FAIL,FAIL,FAIL,FAIL,PASS,PASS
956876,20000000,2742,3900,0.6657,0.0092,0.1255,2.80E-05,0.02,0.17,2012/1/22,27nZopw,"ts_zscore(oth432_qtll_predict,12)",FAIL,PASS,FAIL,FAIL,FAIL,FAIL,PASS,PASS
1331052,20000000,398,399,0.5406,0.0129,0.1888,4.80E-05,0.03,0.17,2012/1/22,17nn52k,"ts_zscore(oth432_trkdpitpredictivecogs_mae,12)",FAIL,PASS,FAIL,FAIL,FAIL,FAIL,PASS,PASS
1102786,20000000,531,532,0.5337,0.0106,0.228,4.00E-05,0.02,0.17,2012/1/22,9wAAjed,"ts_zscore(oth432_trkdpitpredictivenetreceivables_mad_act,12)",FAIL,PASS,FAIL,FAIL,FAIL,PASS,PASS,PASS
1178823,20000000,553,570,0.5326,0.0114,0.1738,4.30E-05,0.02,0.17,2012/1/22,17nnl7Q,"ts_zscore(oth432_trkdpitpredictivetotassets_mad_act,12)",FAIL,PASS,FAIL,FAIL,FAIL,FAIL,PASS,PASS
2538480,20000000,119,124,0.5624,0.0245,0.3124,8.70E-05,0.03,0.16,2012/1/22,YpWmMX6,"ts_zscore(oth432_compustatpredictiveancq_mae,12)",FAIL,PASS,FAIL,FAIL,FAIL,FAIL,PASS,PASS
2704506,20000000,307,340,0.5561,0.0261,0.6625,9.40E-05,0.03,0.16,2012/1/22,YpWkv9A,"ts_zscore(oth432_deltapredictrev_a_predict,12)",FAIL,PASS,FAIL,FAIL,FAIL,PASS,PASS,PASS
567112,20000000,0,0,0.0105,0.0057,0.0862,0.001091,0.03,0.16,2012/1/22,dxl7Wvj,"ts_zscore(oth432_itli_mae,12)",FAIL,PASS,FAIL,FAIL,FAIL,PASS,PASS,PASS
1958945,20000000,124,129,0.5673,0.0189,0.4199,6.70E-05,0.03,0.15,2012/1/22,wRJ1bq5,"ts_zscore(oth432_compustatpredictiveacoq_mad_act,12)",FAIL,PASS,FAIL,FAIL,FAIL,FAIL,PASS,PASS
425884,20000000,0,0,0.0089,0.0043,0.0653,0.000968,0.03,0.15,2012/1/22,adWPLmx,"ts_zscore(oth432_flows_acae_mae,12)",FAIL,PASS,FAIL,FAIL,FAIL,PASS,FAIL,PASS
1124175,20000000,439,431,0.5439,0.0109,0.2193,4.00E-05,0.02,0.15,2012/1/22,Op55kL1,"ts_zscore(oth432_trkdpitpredictivedebtissuance_mae,12)",FAIL,PASS,FAIL,FAIL,FAIL,FAIL,PASS,PASS
231098,20000000,3225,3405,0.7669,0.0022,0.0263,6.00E-06,0.01,0.15,2012/1/22,27nnGzN,"ts_zscore(oth432_trkdpitpredictiveroe_mad_act,12)",PASS,FAIL,FAIL,FAIL,FAIL,PASS,PASS,PASS
354701,20000000,0,0,0.0081,0.0036,0.0635,0.000887,0.02,0.14,2012/1/22,Op5k77p,"ts_zscore(oth432_cashflows_rtlr_mae,12)",FAIL,PASS,FAIL,FAIL,FAIL,PASS,FAIL,PASS
1875828,20000000,386,419,0.536,0.0181,0.3201,6.80E-05,0.03,0.14,2012/1/22,6wYqRWO,"ts_zscore(oth432_deltapredictebitd_a_predict,12)",FAIL,PASS,FAIL,FAIL,FAIL,PASS,PASS,PASS
234729,20000000,3452,3638,0.7714,0.0023,0.0318,6.00E-06,0.01,0.14,2012/1/22,XpYY1P1,"ts_zscore(oth432_trkdpitpredictiveev_mad_act,12)",PASS,FAIL,FAIL,FAIL,FAIL,PASS,PASS,PASS
2137919,20000000,82,86,0.5403,0.0206,0.4873,7.60E-05,0.03,0.13,2012/1/22,WpWdJlx,"ts_zscore(oth432_compustatpredictiveepsfxq_mad_act,12)",FAIL,PASS,FAIL,FAIL,FAIL,FAIL,PASS,PASS
992135,20000000,394,402,0.5405,0.0096,0.2553,3.50E-05,0.02,0.13,2012/1/22,oK99eZk,"ts_zscore(oth432_trkdpitpredictivecogs_mad_pred,12)",FAIL,PASS,FAIL,FAIL,FAIL,FAIL,PASS,PASS
489831,20000000,865,899,0.5331,0.0047,0.1521,1.80E-05,0.01,0.13,2012/1/22,Jp55p8E,"ts_zscore(oth432_trkdpitpredictivefcfe_mad_pred,12)",PASS,PASS,FAIL,FAIL,FAIL,FAIL,PASS,PASS
1613780,20000000,0,0,0.1766,0.0159,0.3399,0.00018,0.04,0.12,2012/1/22,AwOb3Pl,"ts_zscore(oth432_apq_mae,12)",FAIL,PASS,FAIL,FAIL,FAIL,PASS,PASS,PASS
1788409,20000000,133,138,0.5636,0.0173,0.4034,6.10E-05,0.02,0.12,2012/1/22,Lpl6ZO9,"ts_zscore(oth432_compustatpredictiveapq_mad_act,12)",FAIL,PASS,FAIL,FAIL,FAIL,FAIL,PASS,PASS
1628788,20000000,108,109,0.4533,0.0157,0.5032,6.90E-05,0.02,0.12,2012/1/22,lVRzln7,"ts_zscore(oth432_deltapredictni_q_mae,12)",FAIL,PASS,FAIL,FAIL,FAIL,PASS,PASS,PASS
1700671,20000000,393,406,0.5475,0.0164,0.5449,6.00E-05,0.02,0.12,2012/1/22,9wA6p3q,"ts_zscore(oth432_deltapredictrev_ttm_predict,12)",FAIL,PASS,FAIL,FAIL,FAIL,PASS,PASS,PASS
611961,20000000,3070,3633,0.6494,0.0059,0.2276,1.80E-05,0.01,0.11,2012/1/22,k3LX03g,"ts_zscore(oth432_atca_predict,12)",PASS,PASS,FAIL,FAIL,FAIL,FAIL,PASS,PASS
1284850,20000000,126,132,0.5545,0.0124,0.3324,4.50E-05,0.02,0.11,2012/1/22,LplXa8e,"ts_zscore(oth432_compustatpredictivepiq_mad_pred,12)",FAIL,PASS,FAIL,FAIL,FAIL,PASS,PASS,PASS
557177,20000000,567,576,0.5314,0.0054,0.1166,2.00E-05,0.01,0.11,2012/1/22,Op55ogd,"ts_zscore(oth432_trkdpitpredictiveebitda_mad_pred,12)",FAIL,PASS,FAIL,FAIL,FAIL,PASS,PASS,PASS
1704343,20000000,108,108,0.4872,0.0165,0.4799,6.80E-05,0.02,0.1,2012/1/22,xxmze7p,"ts_zscore(oth432_deltapredictebitd_a_mae,12)",FAIL,PASS,FAIL,FAIL,FAIL,FAIL,PASS,PASS
164008,20000000,0,0,0.0052,0.0018,0.0435,0.000683,0.01,0.1,2012/1/22,oK9zPxb,"ts_zscore(oth432_ninc_mae,12)",FAIL,PASS,FAIL,FAIL,FAIL,FAIL,FAIL,PASS
270993,20000000,0,0,0.007,0.003,0.0712,0.000847,0.02,0.1,2012/1/22,9wA6nvV,"ts_zscore(oth432_sbda_mae,12)",FAIL,PASS,,FAIL,FAIL,ERROR,FAIL,PASS
512011,20000000,3410,3266,1.2636,0.0049,0.1599,8.00E-06,0.01,0.1,2012/1/22,Mp55kq8,"ts_zscore(oth432_trkdpitpredictiveebitda_prediction,12)",PASS,FAIL,FAIL,FAIL,FAIL,PASS,PASS,PASS
1231521,20000000,1283,1157,1.241,0.0119,0.6794,1.90E-05,0.01,0.09,2012/1/22,17nm5VW,"ts_zscore(oth432_compustatpredictiverectq_prediction,12)",PASS,FAIL,FAIL,FAIL,FAIL,PASS,PASS,PASS
645500,20000000,521,527,0.5417,0.0062,0.1906,2.30E-05,0.01,0.09,2012/1/22,VpYYJEw,"ts_zscore(oth432_trkdpitpredictivecfo_mad_pred,12)",FAIL,PASS,FAIL,FAIL,FAIL,FAIL,PASS,PASS
551278,20000000,573,583,0.5356,0.0053,0.1628,2.00E-05,0.01,0.09,2012/1/22,rorrepJ,"ts_zscore(oth432_trkdpitpredictivenetincome_mad_pred,12)",FAIL,PASS,FAIL,FAIL,FAIL,FAIL,PASS,PASS
1088133,20000000,109,110,0.4826,0.0105,0.5829,4.40E-05,0.01,0.08,2012/1/22,m8xzxKE,"ts_zscore(oth432_deltapredictebit_ttm_mae,12)",FAIL,PASS,FAIL,FAIL,FAIL,PASS,PASS,PASS
144632,20000000,3604,3727,0.9211,0.0014,0.0541,3.00E-06,0,0.08,2012/1/22,7wKKGRL,"ts_zscore(oth432_trkdpitpredictiveroe_prediction,12)",PASS,FAIL,FAIL,FAIL,FAIL,FAIL,PASS,PASS
372839,20000000,3082,3509,0.6833,0.0036,0.1976,1.10E-05,0.01,0.07,2012/1/22,xxmQndl,"ts_zscore(oth432_acae_predict,12)",PASS,PASS,FAIL,FAIL,FAIL,PASS,PASS,PASS
907648,20000000,0,0,0.1413,0.0089,0.2641,0.000127,0.02,0.07,2012/1/22,g1oPXYK,"ts_zscore(oth432_ppentq_mae,12)",FAIL,PASS,FAIL,FAIL,FAIL,FAIL,PASS,PASS
457762,20000000,465,473,0.5358,0.0044,0.1847,1.60E-05,0.01,0.07,2012/1/22,p611Xe3,"ts_zscore(oth432_trkdpitpredictiveaccpayable_mad_pred,12)",FAIL,PASS,FAIL,FAIL,FAIL,FAIL,PASS,PASS
355958,20000000,562,573,0.5406,0.0034,0.1011,1.30E-05,0.01,0.07,2012/1/22,Qa55VdG,"ts_zscore(oth432_trkdpitpredictivefcff_mae,12)",FAIL,PASS,FAIL,FAIL,FAIL,PASS,PASS,PASS
875211,20000000,133,137,0.5558,0.0085,0.3882,3.00E-05,0.01,0.06,2012/1/22,7wKXbLv,"ts_zscore(oth432_compustatpredictiveoiadpq_mad_act,12)",FAIL,PASS,FAIL,FAIL,FAIL,FAIL,PASS,PASS
853350,20000000,108,109,0.4717,0.0082,0.5012,3.50E-05,0.01,0.06,2012/1/22,jZdw6Oe,"ts_zscore(oth432_deltapredictni_ttm_mae,12)",FAIL,PASS,FAIL,FAIL,FAIL,PASS,PASS,PASS
315966,20000000,571,573,0.532,0.0031,0.1626,1.10E-05,0,0.06,2012/1/22,VpYYOqV,"ts_zscore(oth432_trkdpitpredictiveebitda_mae,12)",FAIL,PASS,FAIL,FAIL,FAIL,PASS,PASS,PASS
294979,20000000,3044,3510,0.6801,0.0028,0.1313,8.00E-06,0,0.05,2012/1/22,p61zLm3,"ts_zscore(oth432_scor_predict,12)",PASS,PASS,,FAIL,FAIL,PASS,PASS,PASS
303022,20000000,577,580,0.5371,0.0029,0.138,1.10E-05,0,0.05,2012/1/22,LpllZVe,"ts_zscore(oth432_trkdpitpredictivenetincome_mad_act,12)",FAIL,PASS,FAIL,FAIL,FAIL,PASS,PASS,PASS
776598,20000000,62,63,0.5635,0.0075,0.6761,2.70E-05,0,0.04,2012/1/22,VpYEbwY,"ts_zscore(oth432_compustatpredictivegdwlq_mae,12)",FAIL,PASS,FAIL,FAIL,FAIL,PASS,PASS,PASS
479142,20000000,95,99,0.5509,0.0046,0.3369,1.70E-05,0,0.04,2012/1/22,xxmzqxN,"ts_zscore(oth432_compustatpredictiveoeps12_mad_pred,12)",FAIL,PASS,FAIL,FAIL,FAIL,PASS,PASS,PASS
361316,20000000,734,784,0.5134,0.0035,0.2774,1.40E-05,0,0.04,2012/1/22,8zK6nma,"ts_zscore(oth432_deltapredictebitd_q_predict,12)",PASS,PASS,FAIL,FAIL,FAIL,PASS,PASS,PASS
397977,20000000,128,131,0.558,0.0038,0.448,1.40E-05,0,0.03,2012/1/22,Kbw8dVE,"ts_zscore(oth432_compustatpredictivepiq_mae,12)",FAIL,PASS,FAIL,FAIL,FAIL,PASS,PASS,PASS
178205,20000000,3081,3621,0.6388,0.0017,0.2122,5.00E-06,0,0.03,2012/1/22,Qa5llrK,"ts_zscore(oth432_debt_rtlr_predict,12)",PASS,PASS,FAIL,FAIL,FAIL,FAIL,PASS,PASS
379922,20000000,0,0,0.1132,0.0038,0.2973,6.60E-05,0.01,0.03,2012/1/22,eOq25Pg,"ts_zscore(oth432_lctq_mae,12)",FAIL,PASS,FAIL,FAIL,FAIL,FAIL,PASS,PASS
145069,20000000,3009,3706,0.654,0.0014,0.2315,4.00E-06,0,0.03,2012/1/22,lVRzERl,"ts_zscore(oth432_ltcl_predict,12)",PASS,PASS,FAIL,FAIL,FAIL,FAIL,PASS,PASS
265597,20000000,1077,1363,0.6306,0.0026,0.214,8.00E-06,0,0.03,2012/1/22,27nZAxw,"ts_zscore(oth432_lctq_predict,12)",FAIL,PASS,FAIL,FAIL,FAIL,PASS,PASS,PASS
164667,20000000,2836,2530,1.2578,0.0016,0.1452,3.00E-06,0,0.03,2012/1/22,07KKk7k,"ts_zscore(oth432_trkdpitpredictivecogs_prediction,12)",PASS,FAIL,FAIL,FAIL,FAIL,PASS,PASS,PASS
90492,20000000,3281,3456,0.6848,0.0009,0.2471,3.00E-06,0,0.02,2012/1/22,Op5k78R,"ts_zscore(oth432_ciac_predict,12)",PASS,PASS,FAIL,FAIL,FAIL,FAIL,PASS,PASS
295745,20000000,82,86,0.5409,0.0029,0.5536,1.10E-05,0,0.02,2012/1/22,vLJ9Gka,"ts_zscore(oth432_compustatpredictiveepsfiq_mad_pred,12)",FAIL,PASS,FAIL,FAIL,FAIL,PASS,PASS,PASS
263496,20000000,109,110,0.4691,0.0025,0.4633,1.10E-05,0,0.02,2012/1/22,qAmzzkK,"ts_zscore(oth432_deltapredictebit_q_mae,12)",FAIL,PASS,FAIL,FAIL,FAIL,PASS,PASS,PASS
102201,20000000,3100,3617,0.6474,0.001,0.2413,3.00E-06,0,0.02,2012/1/22,LpllPM2,"ts_zscore(oth432_scui_predict,12)",PASS,PASS,,FAIL,FAIL,FAIL,PASS,PASS
95023,20000000,3449,3560,1.2476,0.0009,0.1645,1.00E-06,0,0.02,2012/1/22,9wAA0b2,"ts_zscore(oth432_trkdpitpredictivecapex_prediction,12)",PASS,FAIL,FAIL,FAIL,FAIL,PASS,PASS,PASS
141808,20000000,549,574,0.5322,0.0014,0.1479,5.00E-06,0,0.02,2012/1/22,Kbww5b8,"ts_zscore(oth432_trkdpitpredictivetotassets_mad_pred,12)",FAIL,PASS,FAIL,FAIL,FAIL,PASS,PASS,PASS
203359,20000000,1376,1067,1.2191,0.002,0.3131,3.00E-06,0,0.01,2012/1/22,37nx09e,"ts_zscore(oth432_compustatpredictiveatq_prediction,12)",PASS,FAIL,FAIL,FAIL,FAIL,PASS,PASS,PASS
334884,20000000,681,619,1.1745,0.0032,0.6858,6.00E-06,0,0.01,2012/1/22,PpX6maM,"ts_zscore(oth432_compustatpredictiveepsx12_prediction,12)",FAIL,FAIL,FAIL,FAIL,FAIL,PASS,PASS,PASS
35953,20000000,3402,3014,1.2672,0.0003,0.1367,1.00E-06,0,0.01,2012/1/22,XpYYwlx,"ts_zscore(oth432_trkdpitpredictivecurrliabilities_prediction,12)",PASS,FAIL,FAIL,FAIL,FAIL,PASS,PASS,PASS
60434,20000000,3491,2957,1.2572,0.0006,0.1208,1.00E-06,0,0.01,2012/1/22,vLJJpmQ,"ts_zscore(oth432_trkdpitpredictivetangiblebvps_prediction,12)",PASS,FAIL,FAIL,FAIL,FAIL,PASS,PASS,PASS
-74838,20000000,122,127,0.5574,-0.0007,0.5529,-3.00E-06,0,0,2012/1/22,rorzmE1,"ts_zscore(oth432_compustatpredictiverevtq_mad_act,12)",FAIL,PASS,FAIL,FAIL,FAIL,PASS,PASS,PASS
40478,20000000,129,133,0.5611,0.0004,0.5602,1.00E-06,0,0,2012/1/22,5wq6W1n,"ts_zscore(oth432_compustatpredictiveppentq_mae,12)",FAIL,PASS,FAIL,FAIL,FAIL,FAIL,PASS,PASS
30191,20000000,110,112,0.4394,0.0003,0.6059,1.00E-06,0,0,2012/1/22,k3LmnwK,"ts_zscore(oth432_deltapredictebitd_q_mae,12)",FAIL,PASS,FAIL,FAIL,FAIL,PASS,PASS,PASS
-7951,20000000,0,0,0.0041,-0.0001,0.0493,-4.00E-05,0,0,2012/1/22,8zK63Wo,"ts_zscore(oth432_fldn_mae,12)",FAIL,PASS,FAIL,FAIL,FAIL,ERROR,FAIL,PASS
0,0,0,0,0,0,0,0,,0,2012/1/22,dxll29X,"ts_zscore(oth432_sntd_mae,12)",FAIL,PASS,,ERROR,FAIL,ERROR,FAIL,PASS
-21990,20000000,3573,3687,1.2585,-0.0002,0.2397,0,0,0,2012/1/22,WpWW8zx,"ts_zscore(oth432_trkdpitpredictivecfo_prediction,12)",PASS,FAIL,FAIL,FAIL,FAIL,PASS,PASS,PASS
-174106,20000000,1178,1066,1.2285,-0.0017,0.3447,-3.00E-06,0,-0.01,2012/1/22,37nx8be,"ts_zscore(oth432_compustatpredictivelctq_prediction,12)",PASS,FAIL,FAIL,FAIL,FAIL,PASS,PASS,PASS
-96038,20000000,994,1012,0.5391,-0.0009,0.3715,-3.00E-06,0,-0.01,2012/1/22,Mp58GVk,"ts_zscore(oth432_deltapredictni_q_predict,12)",PASS,PASS,FAIL,FAIL,FAIL,FAIL,PASS,PASS
-107360,20000000,1122,1192,0.525,-0.001,0.1734,-4.00E-06,0,-0.01,2012/1/22,p61zpLq,"ts_zscore(oth432_predictiveni_ttm_predict,12)",PASS,PASS,FAIL,FAIL,FAIL,PASS,PASS,PASS
-42205,20000000,3137,3555,0.6649,-0.0004,0.1526,-1.00E-06,0,-0.01,2012/1/22,17nn9lK,"ts_zscore(oth432_srev_predict,12)",PASS,PASS,FAIL,FAIL,FAIL,FAIL,PASS,PASS
-86774,20000000,470,468,0.5353,-0.0008,0.2175,-3.00E-06,0,-0.01,2012/1/22,Mp55WZo,"ts_zscore(oth432_trkdpitpredictiveaccpayable_mad_act,12)",FAIL,PASS,FAIL,FAIL,FAIL,PASS,PASS,PASS
-337941,20000000,83,87,0.5345,-0.0033,0.8606,-1.20E-05,0,-0.02,2012/1/22,dxlm3AK,"ts_zscore(oth432_compustatpredictiveepsfiq_mad_act,12)",FAIL,PASS,FAIL,FAIL,FAIL,FAIL,PASS,PASS
-155404,20000000,531,532,0.5344,-0.0015,0.3374,-6.00E-06,0,-0.02,2012/1/22,EwrrR00,"ts_zscore(oth432_trkdpitpredictivenetreceivables_mae,12)",FAIL,PASS,FAIL,FAIL,FAIL,FAIL,PASS,PASS
-45004,20000000,0,0,0.0018,-0.0005,0.045,-0.000563,0,-0.03,2012/1/22,AwOb37E,"ts_zscore(oth432_aint_mae,12)",FAIL,PASS,FAIL,FAIL,FAIL,ERROR,FAIL,PASS
-390354,20000000,120,123,0.5612,-0.0038,0.8074,-1.30E-05,0,-0.03,2012/1/22,Ewrb970,"ts_zscore(oth432_compustatpredictivelctq_mae,12)",FAIL,PASS,FAIL,FAIL,FAIL,FAIL,PASS,PASS
-295466,20000000,1053,1143,0.5242,-0.0029,0.2347,-1.10E-05,0,-0.03,2012/1/22,lVRzYLx,"ts_zscore(oth432_predictiveni_a_predict,12)",PASS,PASS,FAIL,FAIL,FAIL,PASS,PASS,PASS
-347231,20000000,931,1022,0.554,-0.0034,0.2897,-1.20E-05,0,-0.04,2012/1/22,VpYlm3J,"ts_zscore(oth432_predictiveebitd_a_predict,12)",PASS,PASS,FAIL,FAIL,FAIL,FAIL,PASS,PASS
-151972,20000000,0,0,0.0077,-0.0016,0.0578,-0.000422,-0.01,-0.06,2012/1/22,qAmdX6A,"ts_zscore(oth432_acae_mae,12)",FAIL,PASS,FAIL,FAIL,FAIL,PASS,FAIL,PASS
-808867,20000000,1246,1210,1.241,-0.0078,0.6853,-1.30E-05,0,-0.06,2012/1/22,27nR5m8,"ts_zscore(oth432_compustatpredictivecheq_prediction,12)",PASS,FAIL,FAIL,FAIL,FAIL,FAIL,PASS,PASS
-621745,20000000,990,1397,0.6494,-0.006,0.309,-1.80E-05,-0.01,-0.06,2012/1/22,rorz9J3,"ts_zscore(oth432_ltq_predict,12)",FAIL,PASS,FAIL,FAIL,FAIL,FAIL,PASS,PASS
-412875,20000000,499,495,0.54,-0.004,0.2194,-1.50E-05,-0.01,-0.06,2012/1/22,YpWWqdR,"ts_zscore(oth432_trkdpitpredictivecapex_mae,12)",FAIL,PASS,FAIL,FAIL,FAIL,PASS,PASS,PASS
-223392,20000000,865,901,0.5342,-0.0022,0.118,-8.00E-06,0,-0.06,2012/1/22,7wKKwY1,"ts_zscore(oth432_trkdpitpredictivefcfe_mae,12)",PASS,PASS,FAIL,FAIL,FAIL,PASS,PASS,PASS
-310167,20000000,569,574,0.5323,-0.003,0.2584,-1.10E-05,0,-0.06,2012/1/22,z9JJOed,"ts_zscore(oth432_trkdpitpredictiveebitda_mad_act,12)",FAIL,PASS,FAIL,FAIL,FAIL,PASS,PASS,PASS
-90219,20000000,3217,3406,0.7705,-0.0009,0.0469,-2.00E-06,0,-0.06,2012/1/22,5wqqG0o,"ts_zscore(oth432_trkdpitpredictiveroa_mae,12)",PASS,FAIL,FAIL,FAIL,FAIL,PASS,PASS,PASS
-484774,20000000,495,497,0.5384,-0.0047,0.2,-1.70E-05,-0.01,-0.07,2012/1/22,6wYYObJ,"ts_zscore(oth432_trkdpitpredictivecapex_mad_pred,12)",FAIL,PASS,FAIL,FAIL,FAIL,PASS,PASS,PASS
-178317,20000000,2600,4030,0.8419,-0.0017,0.0847,-4.00E-06,0,-0.07,2012/1/22,vLJJY3A,"ts_zscore(oth432_trkdpitpredictiveroa_mad_pred,12)",PASS,FAIL,FAIL,FAIL,FAIL,PASS,PASS,PASS
-462554,20000000,515,520,0.5341,-0.0045,0.1584,-1.70E-05,-0.01,-0.07,2012/1/22,dxll3Rg,"ts_zscore(oth432_trkdpitpredictivetangiblebvps_mad_act,12)",FAIL,PASS,FAIL,FAIL,FAIL,FAIL,PASS,PASS
-1250725,20000000,119,126,0.5602,-0.0121,0.9446,-4.30E-05,-0.01,-0.08,2012/1/22,37nxX9g,"ts_zscore(oth432_compustatpredictiveancq_mad_pred,12)",FAIL,PASS,FAIL,FAIL,FAIL,PASS,PASS,PASS
-1514654,20000000,85,88,0.5327,-0.0146,1.0211,-5.50E-05,-0.01,-0.08,2012/1/22,Qa5joPG,"ts_zscore(oth432_compustatpredictiveepspiq_mad_act,12)",FAIL,PASS,FAIL,FAIL,FAIL,PASS,PASS,PASS
-1362291,20000000,124,128,0.5578,-0.0132,0.5499,-4.70E-05,-0.01,-0.08,2012/1/22,Ewra3mK,"ts_zscore(oth432_compustatpredictiverevtq_mae,12)",FAIL,PASS,FAIL,FAIL,FAIL,PASS,PASS,PASS
-1085351,20000000,137,142,0.5653,-0.0105,0.438,-3.70E-05,-0.01,-0.08,2012/1/22,oK9zewl,"ts_zscore(oth432_compustatpredictiverectq_mae,12)",FAIL,PASS,FAIL,FAIL,FAIL,FAIL,PASS,PASS
-456048,20000000,2975,3468,0.6558,-0.0044,0.2643,-1.30E-05,-0.01,-0.08,2012/1/22,p61zdk6,"ts_zscore(oth432_lapb_predict,12)",PASS,PASS,FAIL,FAIL,FAIL,FAIL,PASS,PASS
-695654,20000000,1041,1369,0.6186,-0.0067,0.3085,-2.20E-05,-0.01,-0.08,2012/1/22,Op5m3Yq,"ts_zscore(oth432_rectq_predict,12)",FAIL,PASS,,FAIL,FAIL,PASS,PASS,PASS
-1387125,20000000,134,141,0.5577,-0.0134,0.8266,-4.80E-05,-0.01,-0.09,2012/1/22,dxlmYrg,"ts_zscore(oth432_compustatpredictivecogsq_mad_pred,12)",FAIL,PASS,FAIL,FAIL,FAIL,FAIL,PASS,PASS
-1758510,20000000,84,88,0.5424,-0.017,0.8981,-6.30E-05,-0.02,-0.09,2012/1/22,Gw38rwG,"ts_zscore(oth432_compustatpredictiveniq_mad_act,12)",FAIL,PASS,FAIL,FAIL,FAIL,PASS,PASS,PASS
-492150,20000000,543,546,0.5346,-0.0048,0.2384,-1.80E-05,-0.01,-0.09,2012/1/22,37nn6wN,"ts_zscore(oth432_trkdpitpredictiveebit_mad_act,12)",FAIL,PASS,FAIL,FAIL,FAIL,PASS,PASS,PASS
-467829,20000000,3482,3200,1.2659,-0.0045,0.1792,-7.00E-06,-0.01,-0.09,2012/1/22,Qa55KrQ,"ts_zscore(oth432_trkdpitpredictivenetreceivables_prediction,12)",PASS,FAIL,FAIL,FAIL,FAIL,FAIL,PASS,PASS
-228590,20000000,2611,4024,0.8433,-0.0022,0.0752,-5.00E-06,0,-0.09,2012/1/22,PpXXPmE,"ts_zscore(oth432_trkdpitpredictiveroe_mad_pred,12)",PASS,FAIL,FAIL,FAIL,FAIL,PASS,PASS,PASS
-1483137,20000000,133,139,0.566,-0.0143,0.412,-5.10E-05,-0.02,-0.1,2012/1/22,Op5kRjb,"ts_zscore(oth432_compustatpredictivedlttq_mad_pred,12)",FAIL,PASS,FAIL,FAIL,FAIL,FAIL,PASS,PASS
-1419485,20000000,138,147,0.5627,-0.0137,0.5203,-4.90E-05,-0.02,-0.1,2012/1/22,jZdw2lZ,"ts_zscore(oth432_compustatpredictiveltq_mad_pred,12)",FAIL,PASS,FAIL,FAIL,FAIL,FAIL,PASS,PASS
-1434698,20000000,132,136,0.5526,-0.0139,0.4388,-5.00E-05,-0.02,-0.1,2012/1/22,k3Lmr8O,"ts_zscore(oth432_compustatpredictiveoiadpq_mae,12)",FAIL,PASS,FAIL,FAIL,FAIL,FAIL,PASS,PASS
-521033,20000000,988,1039,0.7365,-0.005,0.1978,-1.40E-05,-0.01,-0.1,2012/1/22,8zK6YNW,"ts_zscore(oth432_predictiveev_cur_mae,12)",PASS,FAIL,FAIL,FAIL,FAIL,PASS,PASS,PASS
-614447,20000000,3064,3600,0.6445,-0.0059,0.1297,-1.80E-05,-0.01,-0.11,2012/1/22,g1oKjje,"ts_zscore(oth432_cashflows_rtlr_predict,12)",PASS,PASS,FAIL,FAIL,FAIL,FAIL,PASS,PASS
-1588315,20000000,132,136,0.5679,-0.0153,0.6865,-5.40E-05,-0.02,-0.11,2012/1/22,RpkYARg,"ts_zscore(oth432_compustatpredictiveapq_mae,12)",FAIL,PASS,FAIL,FAIL,FAIL,FAIL,PASS,PASS
-1913286,20000000,84,88,0.5404,-0.0185,0.5345,-6.80E-05,-0.02,-0.11,2012/1/22,XpYLOja,"ts_zscore(oth432_compustatpredictiveepspiq_mad_pred,12)",FAIL,PASS,FAIL,FAIL,FAIL,PASS,PASS,PASS
-1398180,20000000,121,126,0.5586,-0.0135,0.474,-4.80E-05,-0.02,-0.11,2012/1/22,Jp5XYMl,"ts_zscore(oth432_compustatpredictivetxtq_mad_act,12)",FAIL,PASS,FAIL,FAIL,FAIL,PASS,PASS,PASS
-592731,20000000,3452,2953,1.2681,-0.0057,0.1393,-9.00E-06,-0.01,-0.11,2012/1/22,vLJJnLG,"ts_zscore(oth432_trkdpitpredictivecurrassets_prediction,12)",PASS,FAIL,FAIL,FAIL,FAIL,PASS,PASS,PASS
-170851,20000000,3220,3401,0.7659,-0.0016,0.0616,-4.00E-06,-0.01,-0.11,2012/1/22,wRJJNM5,"ts_zscore(oth432_trkdpitpredictiveroa_mad_act,12)",PASS,FAIL,FAIL,FAIL,FAIL,PASS,PASS,PASS
-1958613,20000000,86,90,0.5408,-0.0189,0.5347,-7.00E-05,-0.02,-0.12,2012/1/22,jZdXKvo,"ts_zscore(oth432_compustatpredictiveepsx12_mad_act,12)",FAIL,PASS,FAIL,FAIL,FAIL,PASS,PASS,PASS
-3034121,20000000,712,633,1.1683,-0.0293,0.9052,-5.00E-05,-0.02,-0.12,2012/1/22,p61zrdj,"ts_zscore(oth432_compustatpredictiveoeps12_prediction,12)",FAIL,FAIL,FAIL,FAIL,FAIL,PASS,PASS,PASS
-729722,20000000,3153,3439,0.6553,-0.007,0.2771,-2.20E-05,-0.01,-0.12,2012/1/22,6wYYnME,"ts_zscore(oth432_sgrp_predict,12)",PASS,PASS,,FAIL,FAIL,FAIL,PASS,PASS
-781304,20000000,3085,3594,0.6562,-0.0075,0.253,-2.30E-05,-0.01,-0.13,2012/1/22,xxmQjYl,"ts_zscore(oth432_cash_rtlr_predict,12)",PASS,PASS,FAIL,FAIL,FAIL,FAIL,PASS,PASS
-1927745,20000000,136,141,0.5631,-0.0186,0.5707,-6.60E-05,-0.02,-0.13,2012/1/22,bLWMJ1l,"ts_zscore(oth432_compustatpredictivecogsq_mad_act,12)",FAIL,PASS,FAIL,FAIL,FAIL,PASS,PASS,PASS
-1123641,20000000,616,636,0.574,-0.0109,0.4505,-3.80E-05,-0.02,-0.13,2012/1/22,oK9z6Rb,"ts_zscore(oth432_deltapredicttotd_q_predict,12)",PASS,PASS,FAIL,FAIL,FAIL,PASS,PASS,PASS
-1272820,20000000,738,745,0.5527,-0.0123,0.3793,-4.40E-05,-0.02,-0.13,2012/1/22,LplXG3v,"ts_zscore(oth432_deltapredictni_ttm_predict,12)",PASS,PASS,FAIL,FAIL,FAIL,PASS,PASS,PASS
-1057518,20000000,1182,1243,0.5071,-0.0102,0.2426,-4.00E-05,-0.02,-0.13,2012/1/22,z9JoEvR,"ts_zscore(oth432_predictiveni_q_predict,12)",PASS,PASS,FAIL,FAIL,FAIL,FAIL,PASS,PASS
-566432,20000000,0,0,0.0105,-0.0057,0.1247,-0.001089,-0.03,-0.13,2012/1/22,EwrrZRG,"ts_zscore(oth432_sncc_mae,12)",FAIL,PASS,,FAIL,FAIL,PASS,PASS,PASS
-694971,20000000,558,576,0.5425,-0.0067,0.2289,-2.50E-05,-0.01,-0.13,2012/1/22,Gw33L35,"ts_zscore(oth432_trkdpitpredictivefcff_mad_pred,12)",FAIL,PASS,FAIL,FAIL,FAIL,PASS,PASS,PASS
-2082924,20000000,134,137,0.5691,-0.0201,0.8514,-7.10E-05,-0.03,-0.14,2012/1/22,PpX6YdJ,"ts_zscore(oth432_compustatpredictivedlttq_mae,12)",FAIL,PASS,FAIL,FAIL,FAIL,FAIL,PASS,PASS
-2588204,20000000,85,88,0.5372,-0.025,0.8464,-9.30E-05,-0.03,-0.14,2012/1/22,qAmdwK2,"ts_zscore(oth432_compustatpredictiveepspiq_mae,12)",FAIL,PASS,FAIL,FAIL,FAIL,PASS,PASS,PASS
-3927668,20000000,499,516,1.1743,-0.0379,0.8065,-6.50E-05,-0.03,-0.14,2012/1/22,Qa5jwMQ,"ts_zscore(oth432_compustatpredictiveintanoq_prediction,12)",FAIL,FAIL,FAIL,FAIL,FAIL,FAIL,PASS,PASS
-1783809,20000000,122,126,0.559,-0.0172,0.5749,-6.20E-05,-0.02,-0.14,2012/1/22,adWPMj1,"ts_zscore(oth432_compustatpredictivetxtq_mae,12)",FAIL,PASS,FAIL,FAIL,FAIL,PASS,PASS,PASS
-2431243,20000000,109,109,0.4976,-0.0235,0.5792,-9.40E-05,-0.03,-0.14,2012/1/22,WpWXXwx,"ts_zscore(oth432_deltapredictebit_a_mae,12)",FAIL,PASS,FAIL,FAIL,FAIL,FAIL,PASS,PASS
-1263851,20000000,913,1041,0.6122,-0.0122,0.3012,-4.00E-05,-0.02,-0.14,2012/1/22,Gw387Z3,"ts_zscore(oth432_predictivetotd_q_predict,12)",PASS,PASS,FAIL,FAIL,FAIL,PASS,PASS,PASS
-840169,20000000,512,524,0.5329,-0.0081,0.1797,-3.00E-05,-0.02,-0.14,2012/1/22,g1oog9Q,"ts_zscore(oth432_trkdpitpredictivetangiblebvps_mad_pred,12)",FAIL,PASS,FAIL,FAIL,FAIL,PASS,PASS,PASS
-2988087,20000000,62,64,0.5627,-0.0289,0.6158,-0.000103,-0.03,-0.15,2012/1/22,qAmdJo1,"ts_zscore(oth432_compustatpredictivegdwlq_mad_pred,12)",FAIL,PASS,FAIL,FAIL,FAIL,PASS,PASS,PASS
-1416754,20000000,769,882,0.5925,-0.0137,0.3486,-4.60E-05,-0.02,-0.15,2012/1/22,37n62NO,"ts_zscore(oth432_predictiverev_ttm_predict,12)",PASS,PASS,FAIL,FAIL,FAIL,FAIL,PASS,PASS
-923823,20000000,3233,3457,0.666,-0.0089,0.2735,-2.70E-05,-0.02,-0.16,2012/1/22,VpYlW9M,"ts_zscore(oth432_sbda_predict,12)",PASS,PASS,,FAIL,FAIL,FAIL,PASS,PASS
-1066251,20000000,468,474,0.5362,-0.0103,0.2326,-3.80E-05,-0.02,-0.16,2012/1/22,vLJJvez,"ts_zscore(oth432_trkdpitpredictiveltcashnequivalents_mad_pred,12)",FAIL,PASS,FAIL,FAIL,FAIL,PASS,PASS,PASS
-1011898,20000000,540,549,0.5332,-0.0098,0.3032,-3.70E-05,-0.02,-0.17,2012/1/22,Mp555nz,"ts_zscore(oth432_trkdpitpredictiveebit_mad_pred,12)",FAIL,PASS,FAIL,FAIL,FAIL,PASS,PASS,PASS
-1083653,20000000,543,542,0.5376,-0.0105,0.251,-3.90E-05,-0.02,-0.17,2012/1/22,dxllow2,"ts_zscore(oth432_trkdpitpredictivetotinventory_mae,12)",FAIL,PASS,FAIL,FAIL,FAIL,PASS,PASS,PASS
-2465677,20000000,123,128,0.5698,-0.0238,0.79,-8.40E-05,-0.04,-0.18,2012/1/22,AwObv9Q,"ts_zscore(oth432_compustatpredictiveacoq_mad_pred,12)",FAIL,PASS,FAIL,FAIL,FAIL,PASS,PASS,PASS
-2412317,20000000,136,145,0.5621,-0.0233,0.4244,-8.30E-05,-0.04,-0.18,2012/1/22,rorL7Oo,"ts_zscore(oth432_compustatpredictiveatq_mad_act,12)",FAIL,PASS,FAIL,FAIL,FAIL,PASS,PASS,PASS
-2577955,20000000,138,145,0.5617,-0.0249,0.7343,-8.90E-05,-0.04,-0.18,2012/1/22,RpkYeVj,"ts_zscore(oth432_compustatpredictiveatq_mae,12)",FAIL,PASS,FAIL,FAIL,FAIL,PASS,PASS,PASS
-2592345,20000000,120,125,0.5617,-0.025,0.6602,-8.90E-05,-0.04,-0.18,2012/1/22,17nLreQ,"ts_zscore(oth432_compustatpredictivelctq_mad_act,12)",FAIL,PASS,FAIL,FAIL,FAIL,PASS,PASS,PASS
-1956369,20000000,444,467,0.5877,-0.0189,0.504,-6.40E-05,-0.03,-0.18,2012/1/22,Np5jb2p,"ts_zscore(oth432_deltapredicttotd_a_predict,12)",PASS,PASS,FAIL,FAIL,FAIL,PASS,PASS,PASS
-1069781,20000000,2436,2719,1.2365,-0.0103,0.1855,-1.70E-05,-0.02,-0.18,2012/1/22,AwOOa9Q,"ts_zscore(oth432_trkdpitpredictivedps_prediction,12)",PASS,FAIL,FAIL,FAIL,FAIL,FAIL,PASS,PASS
-898225,20000000,3405,3330,1.263,-0.0087,0.1058,-1.40E-05,-0.01,-0.18,2012/1/22,AwOOl8X,"ts_zscore(oth432_trkdpitpredictivenetdebt_prediction,12)",PASS,FAIL,FAIL,FAIL,FAIL,PASS,PASS,PASS
-2645760,20000000,139,144,0.5623,-0.0255,0.7403,-9.10E-05,-0.04,-0.19,2012/1/22,eOqKa9N,"ts_zscore(oth432_compustatpredictivecheq_mad_act,12)",FAIL,PASS,FAIL,FAIL,FAIL,FAIL,PASS,PASS
-2618756,20000000,101,103,0.484,-0.0253,0.627,-0.000104,-0.04,-0.19,2012/1/22,qAmzNwO,"ts_zscore(oth432_deltapredicttotd_q_mae,12)",FAIL,PASS,FAIL,FAIL,FAIL,FAIL,PASS,PASS
-1059642,20000000,545,546,0.5333,-0.0102,0.2494,-3.80E-05,-0.03,-0.19,2012/1/22,z9JJJn1,"ts_zscore(oth432_trkdpitpredictiveebit_mae,12)",FAIL,PASS,FAIL,FAIL,FAIL,PASS,PASS,PASS
-1176261,20000000,543,555,0.5363,-0.0114,0.3143,-4.20E-05,-0.03,-0.19,2012/1/22,RpkkPaa,"ts_zscore(oth432_trkdpitpredictivetotrevenue_mad_pred,12)",FAIL,PASS,FAIL,FAIL,FAIL,PASS,PASS,PASS
-1192714,20000000,3052,3598,0.6466,-0.0115,0.3094,-3.60E-05,-0.03,-0.21,2012/1/22,oK9vl6J,"ts_zscore(oth432_atrc_predict,12)",PASS,PASS,FAIL,FAIL,FAIL,FAIL,PASS,PASS
-2929524,20000000,131,139,0.5633,-0.0283,0.4328,-0.0001,-0.05,-0.21,2012/1/22,EwrbV5P,"ts_zscore(oth432_compustatpredictiveapq_mad_pred,12)",FAIL,PASS,FAIL,FAIL,FAIL,FAIL,PASS,PASS
-2834700,20000000,137,147,0.5638,-0.0274,0.5587,-9.70E-05,-0.05,-0.21,2012/1/22,XpYLabx,"ts_zscore(oth432_compustatpredictiveatq_mad_pred,12)",FAIL,PASS,FAIL,FAIL,FAIL,PASS,PASS,PASS
-2975769,20000000,1335,1112,1.227,-0.0287,0.4701,-4.70E-05,-0.03,-0.21,2012/1/22,eOq27Og,"ts_zscore(oth432_compustatpredictiveltq_prediction,12)",PASS,FAIL,FAIL,FAIL,FAIL,FAIL,PASS,PASS
-4080020,20000000,109,110,0.4964,-0.0394,0.729,-0.000159,-0.06,-0.21,2012/1/22,37n6E2e,"ts_zscore(oth432_deltapredictebt_a_mae,12)",FAIL,PASS,FAIL,FAIL,FAIL,FAIL,PASS,PASS
-1033610,20000000,3118,3164,0.7388,-0.01,0.2261,-2.70E-05,-0.02,-0.21,2012/1/22,YpWk53W,"ts_zscore(oth432_fldn_predict,12)",PASS,FAIL,FAIL,FAIL,FAIL,PASS,PASS,PASS
-1445654,20000000,481,495,0.534,-0.014,0.2487,-5.20E-05,-0.03,-0.21,2012/1/22,27nnq7w,"ts_zscore(oth432_trkdpitpredictivecurrassets_mad_pred,12)",FAIL,PASS,FAIL,FAIL,FAIL,PASS,PASS,PASS
-3038422,20000000,125,128,0.5646,-0.0293,0.6158,-0.000104,-0.05,-0.22,2012/1/22,Op5k8Og,"ts_zscore(oth432_compustatpredictiveacoq_mae,12)",FAIL,PASS,FAIL,FAIL,FAIL,FAIL,PASS,PASS
-1580330,20000000,470,471,0.5368,-0.0153,0.2619,-5.70E-05,-0.04,-0.22,2012/1/22,k3LL05z,"ts_zscore(oth432_trkdpitpredictiveltcashnequivalents_mad_act,12)",FAIL,PASS,FAIL,FAIL,FAIL,PASS,PASS,PASS
-3639647,20000000,855,792,1.234,-0.0351,0.6754,-5.70E-05,-0.04,-0.23,2012/1/22,PpX6mrp,"ts_zscore(oth432_compustatpredictivegdwlq_prediction,12)",PASS,FAIL,FAIL,FAIL,FAIL,FAIL,PASS,PASS
-3178195,20000000,1305,1063,1.246,-0.0307,0.4854,-4.90E-05,-0.04,-0.23,2012/1/22,adWP361,"ts_zscore(oth432_compustatpredictiveppentq_prediction,12)",PASS,FAIL,FAIL,FAIL,FAIL,FAIL,PASS,PASS
-2043055,20000000,1054,1115,0.5392,-0.0197,0.3166,-7.30E-05,-0.04,-0.23,2012/1/22,37n65X6,"ts_zscore(oth432_predictiveebt_a_predict,12)",PASS,PASS,FAIL,FAIL,FAIL,FAIL,PASS,PASS
-2379133,20000000,854,961,0.6188,-0.023,0.4226,-7.40E-05,-0.04,-0.23,2012/1/22,lVRzNox,"ts_zscore(oth432_predictivetotd_a_predict,12)",FAIL,PASS,FAIL,FAIL,FAIL,PASS,PASS,PASS
-1735623,20000000,1210,1244,0.503,-0.0168,0.4501,-6.70E-05,-0.04,-0.23,2012/1/22,8zK6YRv,"ts_zscore(oth432_predictivefcf_q_predict,12)",PASS,PASS,FAIL,FAIL,FAIL,FAIL,PASS,PASS
-3099637,20000000,1130,1160,1.2376,-0.0299,0.415,-4.80E-05,-0.04,-0.24,2012/1/22,7wKQNj2,"ts_zscore(oth432_compustatpredictiveacoq_prediction,12)",PASS,FAIL,FAIL,FAIL,FAIL,FAIL,PASS,PASS
-3888768,20000000,126,132,0.5652,-0.0376,1.0452,-0.000133,-0.06,-0.24,2012/1/22,dxl7LPK,"ts_zscore(oth432_compustatpredictiveppentq_mad_act,12)",FAIL,PASS,FAIL,FAIL,FAIL,FAIL,PASS,PASS
-1936146,20000000,1033,1107,0.5281,-0.0187,0.3509,-7.10E-05,-0.05,-0.24,2012/1/22,xxmzW3g,"ts_zscore(oth432_predictiveebitd_ttm_predict,12)",PASS,PASS,FAIL,FAIL,FAIL,FAIL,PASS,PASS
-1220121,20000000,3100,3604,0.6784,-0.0118,0.2931,-3.50E-05,-0.03,-0.24,2012/1/22,jZdd5aO,"ts_zscore(oth432_snce_predict,12)",PASS,PASS,,FAIL,FAIL,PASS,PASS,PASS
-2793490,20000000,479,493,0.5735,-0.027,0.5297,-9.40E-05,-0.05,-0.25,2012/1/22,wRJzzXv,"ts_zscore(oth432_deltapredictebit_a_predict,12)",FAIL,PASS,FAIL,FAIL,FAIL,PASS,PASS,PASS
-1683597,20000000,3805,2856,0.663,-0.0163,0.2952,-4.90E-05,-0.04,-0.25,2012/1/22,LplXQWe,"ts_zscore(oth432_scex_predict,12)",PASS,PASS,,FAIL,FAIL,PASS,PASS,PASS
-3130115,20000000,458,471,0.5742,-0.0302,0.6685,-0.000105,-0.06,-0.26,2012/1/22,Mp58QE8,"ts_zscore(oth432_deltapredictni_a_predict,12)",FAIL,PASS,FAIL,FAIL,FAIL,FAIL,PASS,PASS
-1404104,20000000,3189,3411,1.263,-0.0136,0.2444,-2.10E-05,-0.03,-0.26,2012/1/22,Np55j1X,"ts_zscore(oth432_trkdpitpredictivedebtissuance_prediction,12)",PASS,FAIL,FAIL,FAIL,FAIL,PASS,PASS,PASS
-1342374,20000000,2948,3109,1.2664,-0.013,0.2004,-2.00E-05,-0.03,-0.26,2012/1/22,Rpkk7l0,"ts_zscore(oth432_trkdpitpredictiveltcashnequivalents_prediction,12)",PASS,FAIL,FAIL,FAIL,FAIL,FAIL,PASS,PASS
-4309086,20000000,119,124,0.5614,-0.0416,0.8549,-0.000148,-0.07,-0.27,2012/1/22,dxlmbO2,"ts_zscore(oth432_compustatpredictiveancq_mad_act,12)",FAIL,PASS,FAIL,FAIL,FAIL,FAIL,PASS,PASS
-1350615,20000000,3188,3273,0.7089,-0.013,0.3453,-3.70E-05,-0.04,-0.27,2012/1/22,Kbw8OMj,"ts_zscore(oth432_fprd_predict,12)",PASS,FAIL,FAIL,FAIL,FAIL,FAIL,PASS,PASS
-3416633,20000000,120,126,0.5555,-0.033,0.6964,-0.000119,-0.07,-0.28,2012/1/22,ngOzYx3,"ts_zscore(oth432_compustatpredictivetxtq_mad_pred,12)",FAIL,PASS,FAIL,FAIL,FAIL,FAIL,PASS,PASS
-2837277,20000000,987,1362,0.6893,-0.0274,0.4298,-7.90E-05,-0.06,-0.28,2012/1/22,17nmxlQ,"ts_zscore(oth432_dlttq_predict,12)",FAIL,PASS,FAIL,FAIL,FAIL,FAIL,PASS,PASS
-2250141,20000000,1073,1129,0.5376,-0.0217,0.3884,-8.10E-05,-0.06,-0.28,2012/1/22,xxmz2kJ,"ts_zscore(oth432_predictiveebit_ttm_predict,12)",PASS,PASS,FAIL,FAIL,FAIL,FAIL,PASS,PASS
-1495320,20000000,2720,3606,0.691,-0.0144,0.3042,-4.20E-05,-0.04,-0.28,2012/1/22,WpWWq0j,"ts_zscore(oth432_stld_predict,12)",PASS,PASS,FAIL,FAIL,FAIL,FAIL,PASS,PASS
-2113408,20000000,489,488,0.5352,-0.0204,0.3452,-7.60E-05,-0.05,-0.28,2012/1/22,KbwwY8N,"ts_zscore(oth432_trkdpitpredictivecurrliabilities_mae,12)",FAIL,PASS,FAIL,FAIL,FAIL,PASS,PASS,PASS
-1645646,20000000,3073,3541,0.6361,-0.0159,0.1945,-5.00E-05,-0.05,-0.29,2012/1/22,Gw33az3,"ts_zscore(oth432_stbp_predict,12)",PASS,PASS,FAIL,FAIL,FAIL,FAIL,PASS,PASS
-1690812,20000000,578,579,0.5362,-0.0163,0.279,-6.10E-05,-0.05,-0.29,2012/1/22,5wqqgnz,"ts_zscore(oth432_trkdpitpredictivenetincome_mae,12)",FAIL,PASS,FAIL,FAIL,FAIL,PASS,PASS,PASS
-1872657,20000000,537,547,0.5371,-0.0181,0.3318,-6.70E-05,-0.05,-0.29,2012/1/22,jZddxmo,"ts_zscore(oth432_trkdpitpredictivetotinventory_mad_pred,12)",FAIL,PASS,FAIL,FAIL,FAIL,PASS,PASS,PASS
-4175874,20000000,1208,976,1.2347,-0.0403,0.4733,-6.50E-05,-0.05,-0.3,2012/1/22,bLWMO7M,"ts_zscore(oth432_compustatpredictiveancq_prediction,12)",PASS,FAIL,FAIL,FAIL,FAIL,FAIL,PASS,PASS
-4168645,20000000,98,99,0.5587,-0.0403,0.7259,-0.000144,-0.08,-0.3,2012/1/22,AwOaYjQ,"ts_zscore(oth432_compustatpredictivexintq_mae,12)",FAIL,PASS,FAIL,FAIL,FAIL,FAIL,PASS,PASS
-1558939,20000000,3093,3494,0.6846,-0.0151,0.232,-4.40E-05,-0.04,-0.3,2012/1/22,Qa5l3AW,"ts_zscore(oth432_flows_acae_predict,12)",PASS,PASS,FAIL,FAIL,FAIL,FAIL,PASS,PASS
-1495750,20000000,3182,3102,1.2651,-0.0144,0.2241,-2.30E-05,-0.03,-0.3,2012/1/22,vLJJq73,"ts_zscore(oth432_trkdpitpredictiveaccpayable_prediction,12)",PASS,FAIL,FAIL,FAIL,FAIL,PASS,PASS,PASS
-1848822,20000000,541,544,0.5375,-0.0179,0.2964,-6.60E-05,-0.05,-0.3,2012/1/22,ngOOqKa,"ts_zscore(oth432_trkdpitpredictivetotinventory_mad_act,12)",FAIL,PASS,FAIL,FAIL,FAIL,FAIL,PASS,PASS
-2861963,20000000,1051,1377,0.6142,-0.0276,0.4601,-9.00E-05,-0.07,-0.31,2012/1/22,RpkYr8e,"ts_zscore(oth432_apq_predict,12)",FAIL,PASS,FAIL,FAIL,FAIL,FAIL,PASS,PASS
-4103059,20000000,95,98,0.5495,-0.0396,0.622,-0.000144,-0.08,-0.31,2012/1/22,Jp5XjYl,"ts_zscore(oth432_compustatpredictiveoeps12_mad_act,12)",FAIL,PASS,FAIL,FAIL,FAIL,PASS,PASS,PASS
-2537594,20000000,1145,1221,0.5072,-0.0245,0.4132,-9.70E-05,-0.07,-0.31,2012/1/22,AwOam0e,"ts_zscore(oth432_predictiveebitd_q_predict,12)",PASS,PASS,FAIL,FAIL,FAIL,FAIL,PASS,PASS
-1950005,20000000,549,549,0.5371,-0.0188,0.3193,-7.00E-05,-0.06,-0.31,2012/1/22,ZpWW1xQ,"ts_zscore(oth432_trkdpitpredictivetotrevenue_mae,12)",FAIL,PASS,FAIL,FAIL,FAIL,PASS,PASS,PASS
-4244384,20000000,1092,988,1.2414,-0.041,0.583,-6.60E-05,-0.06,-0.32,2012/1/22,vLJ9WwQ,"ts_zscore(oth432_compustatpredictiveinvtq_prediction,12)",PASS,FAIL,FAIL,FAIL,FAIL,FAIL,PASS,PASS
-5489926,20000000,100,101,0.511,-0.053,0.8364,-0.000207,-0.1,-0.32,2012/1/22,5wq6p26,"ts_zscore(oth432_deltapredicttotd_a_mae,12)",FAIL,PASS,FAIL,FAIL,FAIL,FAIL,PASS,PASS
-2662012,20000000,969,1054,0.553,-0.0257,0.319,-9.30E-05,-0.07,-0.32,2012/1/22,xxmzVqm,"ts_zscore(oth432_predictiveebit_a_predict,12)",PASS,PASS,FAIL,FAIL,FAIL,FAIL,PASS,PASS
-2819008,20000000,961,1051,0.5481,-0.0272,0.3702,-9.90E-05,-0.07,-0.32,2012/1/22,9wA62nr,"ts_zscore(oth432_predictiverev_q_predict,12)",PASS,PASS,FAIL,FAIL,FAIL,FAIL,PASS,PASS
-835579,20000000,2814,4277,0.8545,-0.0081,0.1232,-1.90E-05,-0.03,-0.32,2012/1/22,9wAAJOo,"ts_zscore(oth432_trkdpitpredictiveev_mad_pred,12)",PASS,FAIL,FAIL,FAIL,FAIL,FAIL,PASS,PASS
-5403995,20000000,122,128,0.5542,-0.0522,0.6963,-0.000188,-0.1,-0.33,2012/1/22,oK9z2P5,"ts_zscore(oth432_compustatpredictiverevtq_mad_pred,12)",FAIL,PASS,FAIL,FAIL,FAIL,FAIL,PASS,PASS
-2626806,20000000,1132,1177,0.5363,-0.0254,0.3612,-9.50E-05,-0.07,-0.33,2012/1/22,AwOamxl,"ts_zscore(oth432_predictiveebt_ttm_predict,12)",PASS,PASS,FAIL,FAIL,FAIL,FAIL,PASS,PASS
-6553797,20000000,170,168,0.5579,-0.0633,1.1024,-0.000227,-0.11,-0.33,2012/1/22,AwOOQAd,"ts_zscore(oth432_trkdpitpredictiverndexpense_mae,12)",FAIL,PASS,FAIL,FAIL,FAIL,PASS,PASS,PASS
-4737355,20000000,1192,1091,1.2458,-0.0457,0.6708,-7.30E-05,-0.07,-0.34,2012/1/22,adWlQqO,"ts_zscore(oth432_compustatpredictivedlttq_prediction,12)",PASS,FAIL,FAIL,FAIL,FAIL,FAIL,PASS,PASS
-5736706,20000000,85,88,0.543,-0.0554,0.8241,-0.000204,-0.11,-0.34,2012/1/22,m8xzL8K,"ts_zscore(oth432_compustatpredictiveniq_mad_pred,12)",FAIL,PASS,FAIL,FAIL,FAIL,PASS,PASS,PASS
-6315346,20000000,108,109,0.5018,-0.061,0.8916,-0.000243,-0.12,-0.34,2012/1/22,WpWXpaj,"ts_zscore(oth432_deltapredictni_a_mae,12)",FAIL,PASS,FAIL,FAIL,FAIL,FAIL,PASS,PASS
-2820624,20000000,1165,1216,0.5107,-0.0272,0.3594,-0.000107,-0.08,-0.34,2012/1/22,dxl7Ypj,"ts_zscore(oth432_predictiveebit_q_predict,12)",PASS,PASS,FAIL,FAIL,FAIL,FAIL,PASS,PASS
-2691721,20000000,1197,1227,0.5169,-0.026,0.5642,-0.000101,-0.08,-0.34,2012/1/22,eOq2Plp,"ts_zscore(oth432_predictivefcf_ttm_predict,12)",PASS,PASS,FAIL,FAIL,FAIL,FAIL,PASS,PASS
-5185707,20000000,145,149,0.5581,-0.0501,0.8048,-0.000179,-0.11,-0.36,2012/1/22,YpWmabJ,"ts_zscore(oth432_compustatpredictivecheq_mae,12)",FAIL,PASS,FAIL,FAIL,FAIL,PASS,PASS,PASS
-5511511,20000000,830,833,1.252,-0.0532,0.7398,-8.50E-05,-0.07,-0.36,2012/1/22,37n63QN,"ts_zscore(oth432_compustatpredictivexintq_prediction,12)",FAIL,FAIL,FAIL,FAIL,FAIL,PASS,PASS,PASS
-2132387,20000000,2811,3597,0.6466,-0.0206,0.2846,-6.40E-05,-0.07,-0.37,2012/1/22,z9Jjm58,"ts_zscore(oth432_atot_predict,12)",PASS,PASS,FAIL,FAIL,FAIL,FAIL,PASS,PASS
-3171468,20000000,1156,1190,0.5201,-0.0306,0.4491,-0.000118,-0.09,-0.37,2012/1/22,EwraL6r,"ts_zscore(oth432_predictivefcf_a_predict,12)",PASS,PASS,FAIL,FAIL,FAIL,FAIL,PASS,PASS
-2130856,20000000,543,538,0.531,-0.0206,0.3266,-7.80E-05,-0.07,-0.37,2012/1/22,Jp557on,"ts_zscore(oth432_trkdpitpredictivenetdebt_mad_act,12)",FAIL,PASS,FAIL,FAIL,FAIL,FAIL,PASS,PASS
-2342126,20000000,474,469,0.5394,-0.0226,0.3101,-8.40E-05,-0.08,-0.37,2012/1/22,6wYYlop,"ts_zscore(oth432_trkdpitpredictiveltdebt_mad_act,12)",FAIL,PASS,FAIL,FAIL,FAIL,FAIL,PASS,PASS
-2780750,20000000,227,235,0.5505,-0.0269,0.3298,-9.80E-05,-0.09,-0.39,2012/1/22,8zKK68V,"ts_zscore(oth432_trkdpitpredictivedps_mad_pred,12)",FAIL,PASS,FAIL,FAIL,FAIL,FAIL,PASS,PASS
-6223881,20000000,138,142,0.5635,-0.0601,0.95,-0.000213,-0.13,-0.4,2012/1/22,Qa5jOpQ,"ts_zscore(oth432_compustatpredictivecogsq_mae,12)",FAIL,PASS,FAIL,FAIL,FAIL,PASS,PASS,PASS
-5241320,20000000,126,131,0.5596,-0.0506,0.6795,-0.000181,-0.12,-0.4,2012/1/22,oK9z5R5,"ts_zscore(oth432_compustatpredictivepiq_mad_act,12)",FAIL,PASS,FAIL,FAIL,FAIL,FAIL,PASS,PASS
-3295042,20000000,1196,1222,0.5095,-0.0318,0.409,-0.000125,-0.1,-0.4,2012/1/22,LplXrKn,"ts_zscore(oth432_predictiveebt_q_predict,12)",PASS,PASS,FAIL,FAIL,FAIL,FAIL,PASS,PASS
-2763158,20000000,488,488,0.5348,-0.0267,0.4323,-0.0001,-0.09,-0.4,2012/1/22,xxmmwxp,"ts_zscore(oth432_trkdpitpredictivecurrliabilities_mad_act,12)",FAIL,PASS,FAIL,FAIL,FAIL,PASS,PASS,PASS
-6753135,20000000,98,100,0.5614,-0.0652,0.8819,-0.000232,-0.14,-0.41,2012/1/22,WpWXnMQ,"ts_zscore(oth432_compustatpredictivexintq_mad_act,12)",FAIL,PASS,FAIL,FAIL,FAIL,PASS,PASS,PASS
-3895348,20000000,707,705,0.5627,-0.0376,0.6523,-0.000134,-0.11,-0.42,2012/1/22,rorzr9E,"ts_zscore(oth432_deltapredictebit_ttm_predict,12)",PASS,PASS,FAIL,FAIL,FAIL,FAIL,PASS,PASS
-4137623,20000000,955,1358,0.6523,-0.04,0.4463,-0.000122,-0.1,-0.42,2012/1/22,adWPe66,"ts_zscore(oth432_ppentq_predict,12)",FAIL,PASS,FAIL,FAIL,FAIL,FAIL,PASS,PASS
-8747017,20000000,167,169,0.5568,-0.0845,1.3298,-0.000303,-0.16,-0.42,2012/1/22,ngOOAjE,"ts_zscore(oth432_trkdpitpredictiverndexpense_mad_pred,12)",FAIL,PASS,FAIL,FAIL,FAIL,FAIL,PASS,PASS
-6767229,20000000,0,0,0.2236,-0.0663,0.7113,-0.000593,-0.24,-0.44,2012/1/22,Mp5X77n,"ts_zscore(oth432_cheq_mae,12)",FAIL,PASS,FAIL,FAIL,FAIL,FAIL,PASS,PASS
-6655617,20000000,103,106,0.5649,-0.0643,0.8782,-0.000228,-0.15,-0.44,2012/1/22,bLWMeGr,"ts_zscore(oth432_compustatpredictiveinvtq_mae,12)",FAIL,PASS,FAIL,FAIL,FAIL,FAIL,PASS,PASS
-2715833,20000000,548,550,0.5371,-0.0262,0.3599,-9.80E-05,-0.1,-0.44,2012/1/22,rorr8Lm,"ts_zscore(oth432_trkdpitpredictivetotrevenue_mad_act,12)",FAIL,PASS,FAIL,FAIL,FAIL,PASS,PASS,PASS
-6884992,20000000,129,136,0.5615,-0.0665,1.0914,-0.000237,-0.15,-0.45,2012/1/22,Qa5lXog,"ts_zscore(oth432_compustatpredictiveppentq_mad_pred,12)",FAIL,PASS,FAIL,FAIL,FAIL,PASS,PASS,PASS
-5564417,20000000,136,144,0.5635,-0.0537,0.8015,-0.000191,-0.15,-0.47,2012/1/22,WpWXmqQ,"ts_zscore(oth432_compustatpredictiverectq_mad_pred,12)",FAIL,PASS,FAIL,FAIL,FAIL,FAIL,PASS,PASS
-4040320,20000000,963,981,0.553,-0.039,0.597,-0.000141,-0.12,-0.47,2012/1/22,dxl778w,"ts_zscore(oth432_deltapredictebit_q_predict,12)",PASS,PASS,FAIL,FAIL,FAIL,FAIL,PASS,PASS
-2358717,20000000,3213,3508,0.7078,-0.0228,0.3259,-6.40E-05,-0.08,-0.47,2012/1/22,Qa551KW,"ts_zscore(oth432_sncc_predict,12)",PASS,FAIL,,FAIL,FAIL,FAIL,PASS,PASS
-2536867,20000000,2674,3591,0.6744,-0.0245,0.2959,-7.30E-05,-0.09,-0.48,2012/1/22,WpWdg7d,"ts_zscore(oth432_appn_predict,12)",PASS,PASS,FAIL,FAIL,FAIL,FAIL,PASS,PASS
-6966181,20000000,139,144,0.5661,-0.0673,0.9257,-0.000238,-0.17,-0.48,2012/1/22,z9Joqw8,"ts_zscore(oth432_compustatpredictiveltq_mae,12)",FAIL,PASS,FAIL,FAIL,FAIL,FAIL,PASS,PASS
-2642228,20000000,544,538,0.5305,-0.0255,0.3102,-9.60E-05,-0.11,-0.48,2012/1/22,Rpkk7wz,"ts_zscore(oth432_trkdpitpredictivenetdebt_mae,12)",FAIL,PASS,FAIL,FAIL,FAIL,FAIL,PASS,PASS
-3560959,20000000,1168,1129,1.2485,-0.0344,0.4807,-5.50E-05,-0.08,-0.49,2012/1/22,5wqqGoo,"ts_zscore(oth432_trkdpitpredictiverndexpense_prediction,12)",PASS,FAIL,FAIL,FAIL,FAIL,FAIL,PASS,PASS
-1775718,20000000,0,0,0.0065,-0.018,0.1812,-0.005549,-0.19,-0.5,2012/1/22,Kbw67O1,"ts_zscore(oth432_cashflows_otlo_mae,12)",FAIL,PASS,FAIL,FAIL,FAIL,PASS,FAIL,PASS
-3827121,20000000,485,492,0.5344,-0.037,0.4198,-0.000138,-0.13,-0.51,2012/1/22,Qa55rlQ,"ts_zscore(oth432_trkdpitpredictivecurrliabilities_mad_pred,12)",FAIL,PASS,FAIL,FAIL,FAIL,FAIL,PASS,PASS
-7555319,20000000,135,139,0.5638,-0.073,0.9075,-0.000259,-0.19,-0.52,2012/1/22,m8xAdN9,"ts_zscore(oth432_compustatpredictivedlttq_mad_act,12)",FAIL,PASS,FAIL,FAIL,FAIL,PASS,PASS,PASS
-3134850,20000000,468,474,0.5397,-0.0303,0.3662,-0.000112,-0.13,-0.53,2012/1/22,Mp557e6,"ts_zscore(oth432_trkdpitpredictiveltdebt_mad_pred,12)",FAIL,PASS,FAIL,FAIL,FAIL,PASS,PASS,PASS
-8215528,20000000,120,127,0.5606,-0.0793,1.0423,-0.000283,-0.21,-0.55,2012/1/22,AwOboWd,"ts_zscore(oth432_compustatpredictivelctq_mad_pred,12)",FAIL,PASS,FAIL,FAIL,FAIL,FAIL,PASS,PASS
-1610758,20000000,0,0,0.0032,-0.0163,0.1611,-0.010067,-0.2,-0.55,2012/1/22,jZdwYOW,"ts_zscore(oth432_income_otlo_mae,12)",FAIL,PASS,FAIL,FAIL,FAIL,ERROR,FAIL,PASS
-1084056,20000000,0,0,0.0027,-0.0123,0.1084,-0.009034,-0.18,-0.56,2012/1/22,rorLWl8,"ts_zscore(oth432_assets_otlo_mae,12)",FAIL,PASS,FAIL,FAIL,FAIL,FAIL,FAIL,PASS
-2861314,20000000,3048,3226,0.6865,-0.0276,0.3528,-8.00E-05,-0.12,-0.59,2012/1/22,Qa5jQ7M,"ts_zscore(oth432_aint_predict,12)",PASS,PASS,FAIL,FAIL,FAIL,FAIL,PASS,PASS
-3461881,20000000,516,519,0.5338,-0.0334,0.4105,-0.000125,-0.15,-0.6,2012/1/22,lVRR53N,"ts_zscore(oth432_trkdpitpredictivetangiblebvps_mae,12)",FAIL,PASS,FAIL,FAIL,FAIL,FAIL,PASS,PASS
-3090646,20000000,3435,3293,0.7138,-0.0298,0.4493,-8.40E-05,-0.13,-0.62,2012/1/22,AwOavYW,"ts_zscore(oth432_ftlf_predict,12)",PASS,FAIL,FAIL,FAIL,FAIL,FAIL,PASS,PASS
-3281733,20000000,3191,3522,0.6665,-0.0317,0.5618,-9.50E-05,-0.14,-0.62,2012/1/22,6wYYnGE,"ts_zscore(oth432_sntd_predict,12)",PASS,PASS,,FAIL,FAIL,FAIL,PASS,PASS
-1603036,20000000,0,0,0.0041,-0.0163,0.1603,-0.008015,-0.23,-0.63,2012/1/22,Np5jj9p,"ts_zscore(oth432_currents_otlo_mae,12)",FAIL,PASS,FAIL,FAIL,FAIL,FAIL,FAIL,PASS
-4792019,20000000,230,233,0.5545,-0.0463,0.5115,-0.000167,-0.18,-0.64,2012/1/22,XpYYlGl,"ts_zscore(oth432_trkdpitpredictivedps_mae,12)",FAIL,PASS,FAIL,FAIL,FAIL,FAIL,PASS,PASS
-12194256,20000000,168,168,0.5556,-0.1178,1.3479,-0.000424,-0.3,-0.65,2012/1/22,5wqqg7J,"ts_zscore(oth432_trkdpitpredictiverndexpense_mad_act,12)",FAIL,PASS,FAIL,FAIL,FAIL,PASS,PASS,PASS
-960258,20000000,0,0,0.0045,-0.0179,0.096,-0.008002,-0.27,-0.72,2012/1/22,VpYE87J,"ts_zscore(oth432_appn_mae,12)",FAIL,PASS,FAIL,FAIL,FAIL,FAIL,FAIL,PASS
-2362550,20000000,0,0,0.0049,-0.024,0.2363,-0.009844,-0.33,-0.76,2012/1/22,eOqK0bg,"ts_zscore(oth432_cash_otlo_mae,12)",FAIL,PASS,FAIL,FAIL,FAIL,ERROR,FAIL,PASS
-6221370,20000000,398,399,0.5393,-0.0601,0.8135,-0.000223,-0.26,-0.78,2012/1/22,ngOOVQM,"ts_zscore(oth432_trkdpitpredictivecogs_mad_act,12)",FAIL,PASS,FAIL,FAIL,FAIL,PASS,PASS,PASS
-3859639,20000000,3557,3542,1.0207,-0.0373,0.4032,-7.30E-05,-0.17,-0.87,2012/1/22,Mp55kNa,"ts_zscore(oth432_trkdpitpredictiveev_prediction,12)",PASS,FAIL,FAIL,FAIL,FAIL,FAIL,PASS,PASS
-11679746,20000000,96,98,0.5507,-0.1128,1.2562,-0.00041,-0.41,-0.9,2012/1/22,VpYlVpM,"ts_zscore(oth432_compustatpredictiveoeps12_mae,12)",FAIL,PASS,FAIL,FAIL,FAIL,PASS,PASS,PASS
-13252887,20000000,1227,1215,0.6074,-0.128,1.6154,-0.000421,-0.5,-1.09,2012/1/22,ngOzQvx,"ts_zscore(oth432_predictiveev_cur_predict,12)",PASS,PASS,FAIL,FAIL,FAIL,FAIL,PASS,PASS
-16233854,20000000,1404,1358,0.6356,-0.1568,1.8815,-0.000493,-0.67,-1.34,2012/1/22,p61z6no,"ts_zscore(oth432_deltapredictev_cur_predict,12)",PASS,PASS,FAIL,FAIL,FAIL,FAIL,PASS,PASS